0.000000000000000000e+00,1.586796232893553094e-02,9.402796886084860417e-02,3.532376912939316424e-03,3.509760999112590397e-10,2.706480484192508759e-05,3.103225719481367533e-03,8.790029664066264033e-16,2.097308756250430067e-10,1.177910952705666883e-04,3.717542942559564980e-08,5.144473183562053853e-01,3.881173218938429594e-08,9.183238235472310532e-09,3.370597254922395798e-05,5.962930082857089700e-05,2.046218996385298569e-02,2.383148237583017751e-10,3.483203833148120765e-01,2.974000122279036311e-07
4.757563019691574135e-03,0.000000000000000000e+00,1.234497625338133470e-03,1.635642476042341201e-07,9.364011055676802956e-08,2.746281819535882022e-03,1.799966550901883753e-07,2.094798710433507580e-14,2.804893657798892533e-13,3.426001837215639017e-07,5.044180885086305089e-09,3.894323334422268405e-05,6.848774859269996831e-10,2.149295576622778123e-12,1.688540737802324970e-02,4.821314460997374622e-08,2.148736832260449495e-02,5.995205145334226246e-12,9.528487268444800762e-01,3.780051364831150016e-07
4.644176237381263117e-02,2.033660751458185676e-03,0.000000000000000000e+00,2.664945767972531215e-04,5.441862756792930348e-12,2.436818302025988361e-07,8.674431490512720053e-06,2.666703837942118577e-13,1.318554215950075189e-08,4.636412006196013186e-08,1.868306246313455776e-11,5.453775909468131650e-02,1.383331558223478076e-05,7.540847082799137555e-08,2.081249674776142048e-04,2.161376694418403431e-03,8.900279074240859956e-01,9.131130972604043049e-08,4.299936110836740689e-03,2.836945511168008251e-10
6.348299637677572160e-03,9.804272437348701181e-07,9.696770518544097156e-04,0.000000000000000000e+00,2.812622487343576892e-14,2.108885509300985853e-09,2.557843668051481556e-01,1.362088485687513024e-17,1.516222643763319847e-07,8.393235860358402105e-06,2.601081179974101555e-10,7.305833106753643058e-01,3.187140228028249790e-07,6.962253416462975658e-05,6.512084413317685898e-09,6.196436198865360422e-03,2.002646168587594923e-05,2.919072936661219666e-09,1.840456326660777948e-05,2.724025950103556708e-10
2.213108047285003669e-07,1.969353151739865161e-04,6.947379473613471471e-09,9.868386234553451763e-12,0.000000000000000000e+00,9.753460312332381532e-01,2.021264457023262169e-10,2.859716228847600969e-16,1.546915165241800786e-18,3.731923233482992378e-07,7.022600401376826893e-05,9.496645700466576346e-10,4.964784536847813740e-15,1.980364545842829067e-17,1.826908117327947378e-05,3.074748049367509638e-13,1.411648817929301196e-07,5.508346329607826016e-17,5.188326126714289392e-05,2.431591132777220429e-02
1.443779127979805425e-03,4.886271250325419646e-01,2.631887794027539470e-05,6.259771528677170052e-08,8.251435454009148351e-02,0.000000000000000000e+00,8.272207716635838843e-07,2.826245717674615648e-15,6.344053129092385198e-15,2.476085240614125569e-04,4.695080578085297101e-04,6.182615278554419109e-06,9.675982025900494838e-12,1.206595856021183747e-13,2.774787427267385448e-03,1.515619632821843725e-09,2.948292990809154484e-04,8.176325016711179433e-14,2.903961657820091635e-01,1.331984493719463869e-01
1.908562268958039973e-02,3.692274776515447687e-06,1.080145727211028286e-04,8.753396192852770374e-01,1.971473906799475233e-12,9.537148383053378365e-08,0.000000000000000000e+00,5.049996006981448789e-19,6.348628622090723070e-10,1.409950215623340629e-02,3.467442749371258457e-07,9.119968758460868241e-02,1.988442986306064598e-09,4.338483460055259033e-07,5.353321887118431364e-09,3.194066489127035305e-05,5.511882760167270207e-06,1.566556365594527566e-11,1.253857770465552129e-04,1.391537352155920086e-07
1.664454899651784324e-06,1.323002302828896442e-04,1.022362332195122939e-03,1.435147812601736223e-08,8.587753252766947734e-10,1.003219001297528855e-07,1.554818710112303112e-10,0.000000000000000000e+00,1.353276711656911465e-05,2.812341973360421437e-12,2.032013414833371904e-14,1.194418409473535381e-06,2.039891927354698375e-01,4.674571145957116327e-08,1.806760293502993331e-01,7.183183953940487090e-05,9.371272672336294213e-03,6.047122637693790326e-01,8.192991233286673236e-06,2.659552212231349647e-12
6.066076630349957252e-09,2.705817702200159793e-11,7.721325781324795535e-07,2.440158973266565597e-06,7.095564393822945085e-20,3.439667590165512661e-15,2.985605878513506645e-09,2.067047416809872346e-13,0.000000000000000000e+00,1.155048510033260939e-13,5.211567623318615279e-18,7.809891402245648567e-07,7.015287558545509061e-02,8.430767779020723607e-01,2.305584106828013318e-11,1.218840674888775968e-02,2.966616505311279935e-08,7.457790764185945331e-02,7.274640894312721863e-11,1.664407272600075865e-17
2.031543410684272591e-02,1.970778652744810096e-04,1.618989497496961595e-05,8.054761672243361146e-04,1.020754433412006055e-07,8.005406306373107940e-04,3.953888857892395303e-01,2.561533760999700621e-19,6.887606842829174674e-13,0.000000000000000000e+00,5.007651687524387052e-01,1.481452320131557187e-03,1.384348665835492374e-11,2.734789223169889555e-10,9.330562019220401783e-08,9.365530433597306899e-08,5.450803881593692561e-06,8.714065297037250243e-14,5.540500057216833120e-03,7.468353428767170177e-02
1.392506259914438031e-07,6.301855277534516691e-08,1.416894749280909838e-10,5.421315590577276374e-10,4.171709377465849845e-07,3.296767749926052119e-05,2.111822893882926424e-07,4.019629656766552635e-23,6.749382131779048208e-19,1.087581042581689007e-02,0.000000000000000000e+00,2.609278221939513792e-09,4.507165539648201090e-17,1.748302730150947875e-16,4.879965995900563293e-11,1.374726455971212228e-13,1.782696900175486212e-10,2.763549845637766921e-19,5.821261845602523802e-07,9.890898056277871442e-01
4.865029166655520099e-01,1.228324624873264228e-04,1.044215637387103102e-01,3.844358745249007447e-01,1.424261394517650496e-12,1.096026119647181405e-07,1.402312881152036061e-02,5.965122102317738423e-16,2.553547926033575221e-08,8.123039632326734243e-06,6.587547621442316795e-10,0.000000000000000000e+00,1.004009994620372734e-06,1.915186849922722055e-06,1.007877747796479244e-06,5.986990683992015998e-03,2.808634516185124115e-03,6.494263488018836987e-09,1.685863866613961917e-03,2.323278908907952194e-09
5.224987477077744386e-08,3.075188406932921157e-09,3.770482031239828021e-05,2.387443048333070178e-07,1.059979728932838446e-17,2.441863715398951877e-13,4.352536314693041825e-10,1.450266101766353565e-10,3.265293195032898527e-03,1.080572890068232158e-13,1.619886458033344743e-17,1.429274756808532898e-06,0.000000000000000000e+00,3.707057452757896995e-05,1.488434212264137696e-08,7.881044772982147284e-03,5.124045553547534753e-06,9.887720208032129143e-01,2.979278886745668285e-09,1.823507171495721484e-16
2.810442545708897841e-07,2.193873671105010320e-10,4.672478988687163270e-06,1.185600319620274670e-03,9.611671717682872594e-19,6.922210956038756371e-14,2.158856812943879544e-06,7.555077837008720390e-16,8.920731440028261128e-01,4.852762905494356652e-11,1.428414775019792718e-15,6.197912929540884939e-05,8.427251386713306095e-04,0.000000000000000000e+00,2.649736971994990247e-11,1.057367853768364646e-01,8.729635531584234051e-08,9.256466296866609344e-05,1.398884767996479203e-09,1.870739069388745086e-15
3.883715140816541302e-04,6.489162642738166564e-01,4.855266258558798946e-03,4.175131392563124370e-08,3.338352076400880887e-07,5.993415189027501751e-04,1.002930630342917984e-08,1.099409161972955434e-09,9.184932159132551924e-12,6.233538734676934906e-09,1.501122515153128159e-10,1.228015424231436145e-05,1.273936912101477888e-07,9.976183082306035769e-12,0.000000000000000000e+00,3.469744536030598731e-07,3.237639825369741375e-01,2.300906626283041325e-09,2.146360411384863956e-02,1.984247448640096277e-08
2.474081467384915863e-03,6.672004774815888798e-06,1.815654063984068756e-01,1.430559355423021706e-01,2.023199644453299952e-14,1.178823111974903088e-09,2.154791548657493763e-04,1.573945086536546596e-12,1.748459977532575149e-02,2.253061318978571324e-08,1.522752801720814514e-12,2.626747458910518862e-01,2.428934736635483260e-01,1.433512622916141011e-01,1.249428114285416407e-06,0.000000000000000000e+00,3.908466903302965610e-03,2.342661640824546861e-03,2.594211942339223303e-05,6.506918007728977696e-12
1.044276990290828218e-02,3.657492430107427139e-02,9.196351955883552698e-01,5.686924220316851209e-06,1.142523632037765839e-10,2.820579708950261933e-06,4.573730808623606713e-07,2.525692531141957572e-12,5.234551573477422676e-10,1.612911380646512612e-08,2.428845800043663438e-11,1.515703609375559967e-03,1.942470136773259891e-06,1.455730054390534394e-09,1.434008167096555847e-02,4.807460851866732752e-05,0.000000000000000000e+00,1.700541637810445586e-08,1.743230689064531949e-02,8.262281569584483287e-10
3.233105938993762313e-10,2.712748534228112706e-11,2.508082471285905079e-07,2.203552717641342071e-09,1.185127409263844014e-19,2.079367086693317381e-15,3.455587830080084675e-12,4.332473979932744921e-10,3.498110711900088380e-03,6.854504108002821818e-16,1.000909976292807128e-19,9.316531194976931931e-09,9.964208781682132310e-01,4.103318629142123535e-06,2.709114541275780537e-10,7.659918791908983799e-05,4.520563264241983347e-08,0.000000000000000000e+00,2.131959843883962714e-11,1.198805957101761198e-18
9.733993680782040969e-02,8.881222272444299071e-01,2.432890351058761974e-03,2.861852899707385591e-06,2.299399135674537700e-08,1.521273110686396967e-03,5.697278875955543997e-06,1.209129923677721607e-15,7.028751800198363952e-13,8.977336146852927495e-06,4.342983133554695518e-08,4.981844094156514862e-04,6.184450265509235672e-10,1.277365703383336666e-11,5.205642199008002043e-04,1.747283378627984600e-07,9.545604504992678818e-03,4.391595311090660444e-12,0.000000000000000000e+00,1.541095297922973834e-06
1.113729656212289145e-06,4.721425207245942664e-06,2.150988850991767922e-09,5.676225796911927623e-10,1.444123314449984128e-04,9.350656683374307387e-03,8.473068210137600410e-08,5.259756411209273925e-21,2.155027837969643602e-18,1.621623455086383062e-03,9.888567114981364758e-01,9.200164897062267343e-09,5.072523291129800313e-16,2.289144237671309512e-16,6.449025990878884089e-09,5.872998060643104944e-13,6.062827287912561712e-09,3.309168003603545798e-18,2.065171519450567850e-05,0.000000000000000000e+00
