PatchID,XCOORD,YCOORD,ID,MID,FID,sex,age,size,mature,newmature,layeggs,capture,recapture,state,CDist,Hindex,Species,ClassFile,SubPatchID,L0A0,L0A1,L1A0,L1A1
1,1.0,1.0,Age0_F1_m1f1_P1_Y37_UO74,R1_F1_m3f3_P3_Y35_UO109,R1_F1_m3f3_P3_Y35_UO232,MXY,0,0.0,0,0,0.0,0,0,0,0.0,0.47240543365478516,1,P0_CV0,1,1,1,1,1
1,1.0,1.0,Age0_F1_m1f1_P1_Y37_UO75,R1_F1_m3f3_P3_Y35_UO109,R1_F1_m3f3_P3_Y35_UO232,MXY,0,0.0,0,0,0.0,0,0,0,0.0,0.47240543365478516,1,P0_CV0,1,1,1,2,0
1,1.0,1.0,Age0_F1_m1f1_P1_Y37_UO76,R1_F1_m3f3_P3_Y35_UO109,R1_F1_m3f3_P3_Y35_UO232,FXX,0,0.0,0,0,0.0,0,0,0,0.0,0.47240543365478516,1,P0_CV0,1,1,1,0,2
1,1.0,1.0,Age0_F1_m1f1_P1_Y37_UO78,R1_F1_m3f3_P3_Y35_UO109,R1_F1_m3f3_P3_Y35_UO232,FXX,0,0.0,0,0,0.0,0,0,0,0.0,0.47240543365478516,1,P0_CV0,1,1,1,2,0
1,1.0,1.0,Age0_F1_m1f1_P1_Y37_UO144,R1_F1_m3f3_P3_Y35_UO203,R1_F1_m3f3_P3_Y34_UO103,MXY,0,0.0,0,0,0.0,0,0,0,0.0,0.47265625,1,P0_CV0,1,1,1,1,1
1,1.0,1.0,Age0_F1_m1f1_P1_Y37_UO147,R1_F1_m3f3_P3_Y35_UO203,R1_F1_m3f3_P3_Y34_UO103,FXX,0,0.0,0,0,0.0,0,0,0,0.0,0.47265625,1,P0_CV0,1,1,1,1,1
1,1.0,1.0,Age0_F1_m1f1_P1_Y37_UO152,R1_F1_m3f3_P3_Y35_UO203,R1_F1_m3f3_P3_Y34_UO103,FXX,0,0.0,0,0,0.0,0,0,0,0.0,0.47265625,1,P0_CV0,1,1,1,1,1
1,1.0,1.0,Age0_F1_m1f1_P1_Y37_UO153,R1_F1_m3f3_P3_Y35_UO203,R1_F1_m3f3_P3_Y34_UO103,MXY,0,0.0,0,0,0.0,0,0,0,0.0,0.47265625,1,P0_CV0,1,0,2,1,1
1,1.0,1.0,R1_F1_m2f2_P2_Y36_UO58,R2_F2_m4f4_P4_Y34_UO130,R2_F2_m1f1_P1_Y34_UO48,MXY,1,0.0,1,1,0.0,0,0,0,-9999.0,0.4762392044067383,1,P0_CV0,1,0,2,2,0
1,1.0,1.0,R1_F1_m2f2_P2_Y36_UO41,R2_F2_m4f4_P4_Y34_UO130,R2_F2_m1f1_P1_Y34_UO165,MXY,1,0.0,1,1,0.0,0,0,0,-9999.0,0.4757976531982422,1,P0_CV0,1,0,2,1,1
1,1.0,1.0,R1_F1_m3f3_P3_Y36_UO139,R3_F3_m4f4_P4_Y34_UO157,R3_F3_m4f4_P4_Y34_UO264,FXX,1,0.0,1,1,1.0,0,0,0,-9999.0,0.47519969940185547,1,P0_CV0,1,2,0,0,2
1,1.0,1.0,R1_F1_m3f3_P3_Y34_UO102,R3_F3_m1f1_P1_Y32_UO79,R3_F3_m3f3_P3_Y32_UO170,FXX,3,0.0,1,0,1.0,0,0,0,-9999.0,0.47521209716796875,1,P0_CV0,1,1,1,0,2
1,1.0,1.0,Age0_F1_m1f1_P1_Y37_UO0,R1_F1_m3f3_P3_Y35_UO171,R1_F1_m2f2_P2_Y35_UO99,MXY,0,0.0,0,0,0.0,0,0,0,0.0,0.4717855453491211,1,P1_CV0,1,1,1,0,2
1,1.0,1.0,Age0_F1_m1f1_P1_Y37_UO3,R1_F1_m3f3_P3_Y35_UO171,R1_F1_m2f2_P2_Y35_UO99,FXX,0,0.0,0,0,0.0,0,0,0,0.0,0.4717855453491211,1,P1_CV0,1,1,1,1,1
1,1.0,1.0,Age0_F1_m1f1_P1_Y37_UO4,R1_F1_m3f3_P3_Y35_UO171,R1_F1_m2f2_P2_Y35_UO99,FXX,0,0.0,0,0,0.0,0,0,0,0.0,0.4717855453491211,1,P1_CV0,1,1,1,0,2
1,1.0,1.0,Age0_F1_m1f1_P1_Y37_UO77,R1_F1_m3f3_P3_Y35_UO109,R1_F1_m3f3_P3_Y35_UO232,FXX,0,0.0,0,0,0.0,0,0,0,0.0,0.47240543365478516,1,P1_CV0,1,1,1,2,0
1,1.0,1.0,Age0_F1_m1f1_P1_Y37_UO79,R1_F1_m3f3_P3_Y35_UO109,R1_F1_m3f3_P3_Y35_UO232,MXY,0,0.0,0,0,0.0,0,0,0,0.0,0.47240543365478516,1,P1_CV0,1,1,1,1,1
1,1.0,1.0,Age0_F1_m1f1_P1_Y37_UO82,R1_F1_m3f3_P3_Y35_UO158,R1_F1_m2f2_P2_Y35_UO249,MXY,0,0.0,0,0,0.0,0,0,0,0.0,0.47170257568359375,1,P1_CV0,1,2,0,0,2
1,1.0,1.0,Age0_F1_m1f1_P1_Y37_UO83,R1_F1_m3f3_P3_Y35_UO158,R1_F1_m2f2_P2_Y35_UO249,MXY,0,0.0,0,0,0.0,0,0,0,0.0,0.47170257568359375,1,P1_CV0,1,2,0,0,2
1,1.0,1.0,Age0_F1_m1f1_P1_Y37_UO84,R1_F1_m3f3_P3_Y35_UO158,R1_F1_m2f2_P2_Y35_UO249,FXX,0,0.0,0,0,0.0,0,0,0,0.0,0.47170257568359375,1,P1_CV0,1,1,1,0,2
1,1.0,1.0,Age0_F1_m1f1_P1_Y37_UO122,R1_F1_m3f3_P3_Y35_UO158,R1_F1_m2f2_P2_Y35_UO225,MXY,0,0.0,0,0,0.0,0,0,0,0.0,0.4726276397705078,1,P1_CV0,1,1,1,0,2
1,1.0,1.0,Age0_F1_m1f1_P1_Y37_UO123,R1_F1_m3f3_P3_Y35_UO158,R1_F1_m2f2_P2_Y35_UO225,FXX,0,0.0,0,0,0.0,0,0,0,0.0,0.4726276397705078,1,P1_CV0,1,2,0,0,2
1,1.0,1.0,Age0_F1_m1f1_P1_Y37_UO124,R1_F1_m3f3_P3_Y35_UO158,R1_F1_m2f2_P2_Y35_UO225,MXY,0,0.0,0,0,0.0,0,0,0,0.0,0.4726276397705078,1,P1_CV0,1,1,1,0,2
1,1.0,1.0,Age0_F1_m1f1_P1_Y37_UO129,R1_F1_m1f1_P1_Y35_UO49,R1_F1_m2f2_P2_Y35_UO225,MXY,0,0.0,0,0,0.0,0,0,0,0.0,0.47347354888916016,1,P1_CV0,1,2,0,0,2
1,1.0,1.0,R1_F1_m3f3_P3_Y36_UO85,R3_F3_m4f4_P4_Y34_UO259,R3_F3_m4f4_P4_Y34_UO253,FXX,1,0.0,1,1,1.0,0,0,0,-9999.0,0.47472572326660156,1,P1_CV0,1,1,1,0,2
1,1.0,1.0,R1_F1_m3f3_P3_Y36_UO212,R3_F3_m4f4_P4_Y34_UO96,R3_F3_m4f4_P4_Y34_UO253,FXX,1,0.0,1,1,1.0,0,0,0,-9999.0,0.4775686264038086,1,P1_CV0,1,0,2,0,2
1,1.0,1.0,R1_F1_m1f1_P1_Y35_UO49,R1_F1_m2f2_P2_Y33_UO186,R1_F1_m3f3_P3_Y32_UO158,FXX,2,0.0,1,0,1.0,0,0,0,-9999.0,0.4754981994628906,1,P1_CV0,1,1,1,0,2
1,1.0,1.0,R1_F1_m3f3_P3_Y35_UO111,R3_F3_m4f4_P4_Y33_UO44,R3_F3_m4f4_P4_Y33_UO187,FXX,2,0.0,1,0,1.0,0,0,0,-9999.0,0.4694252014160156,1,P1_CV0,1,2,0,1,1
1,1.0,1.0,R1_F1_m1f1_P1_Y34_UO185,R1_F1_m3f3_P3_Y32_UO47,R1_F1_m2f2_P2_Y32_UO126,MXY,3,0.0,1,0,0.0,0,0,0,-9999.0,0.4788322448730469,1,P1_CV0,1,0,2,0,2
1,1.0,1.0,Age0_F1_m1f1_P1_Y37_UO1,R1_F1_m3f3_P3_Y35_UO171,R1_F1_m2f2_P2_Y35_UO99,FXX,0,0.0,0,0,0.0,0,0,0,0.0,0.4717855453491211,1,P2_CV0,1,2,0,0,2
1,1.0,1.0,Age0_F1_m1f1_P1_Y37_UO2,R1_F1_m3f3_P3_Y35_UO171,R1_F1_m2f2_P2_Y35_UO99,MXY,0,0.0,0,0,0.0,0,0,0,0.0,0.4717855453491211,1,P2_CV0,1,1,1,0,2
1,1.0,1.0,Age0_F1_m1f1_P1_Y37_UO99,R1_F1_m2f2_P2_Y35_UO101,R1_F1_m2f2_P2_Y35_UO225,FXX,0,0.0,0,0,0.0,0,0,0,0.0,0.4722404479980469,1,P2_CV0,1,1,1,0,2
1,1.0,1.0,Age0_F1_m1f1_P1_Y37_UO100,R1_F1_m2f2_P2_Y35_UO101,R1_F1_m2f2_P2_Y35_UO225,FXX,0,0.0,0,0,0.0,0,0,0,0.0,0.4722404479980469,1,P2_CV0,1,1,1,1,1
1,1.0,1.0,Age0_F1_m1f1_P1_Y37_UO101,R1_F1_m2f2_P2_Y35_UO101,R1_F1_m2f2_P2_Y35_UO225,MXY,0,0.0,0,0,0.0,0,0,0,0.0,0.4722404479980469,1,P2_CV0,1,1,1,0,2
1,1.0,1.0,Age0_F1_m1f1_P1_Y37_UO102,R1_F1_m2f2_P2_Y35_UO101,R1_F1_m2f2_P2_Y35_UO225,FXX,0,0.0,0,0,0.0,0,0,0,0.0,0.4722404479980469,1,P2_CV0,1,1,1,0,2
1,1.0,1.0,Age0_F1_m1f1_P1_Y37_UO103,R1_F1_m2f2_P2_Y35_UO101,R1_F1_m2f2_P2_Y35_UO225,MXY,0,0.0,0,0,0.0,0,0,0,0.0,0.4722404479980469,1,P2_CV0,1,1,1,1,1
1,1.0,1.0,Age0_F1_m1f1_P1_Y37_UO104,R1_F1_m2f2_P2_Y35_UO101,R1_F1_m2f2_P2_Y35_UO225,FXX,0,0.0,0,0,0.0,0,0,0,0.0,0.4722404479980469,1,P2_CV0,1,1,1,0,2
1,1.0,1.0,Age0_F1_m1f1_P1_Y37_UO105,R1_F1_m2f2_P2_Y35_UO101,R1_F1_m2f2_P2_Y35_UO225,MXY,0,0.0,0,0,0.0,0,0,0,0.0,0.4722404479980469,1,P2_CV0,1,1,1,0,2
1,1.0,1.0,Age0_F1_m1f1_P1_Y37_UO106,R1_F1_m2f2_P2_Y35_UO101,R1_F1_m2f2_P2_Y35_UO225,FXX,0,0.0,0,0,0.0,0,0,0,0.0,0.4722404479980469,1,P2_CV0,1,1,1,0,2
1,1.0,1.0,Age0_F1_m1f1_P1_Y37_UO107,R1_F1_m2f2_P2_Y35_UO101,R1_F1_m2f2_P2_Y35_UO225,FXX,0,0.0,0,0,0.0,0,0,0,0.0,0.4722404479980469,1,P2_CV0,1,1,1,0,2
1,1.0,1.0,Age0_F1_m1f1_P1_Y37_UO108,R1_F1_m2f2_P2_Y35_UO101,R1_F1_m2f2_P2_Y35_UO225,MXY,0,0.0,0,0,0.0,0,0,0,0.0,0.4722404479980469,1,P2_CV0,1,1,1,1,1
1,1.0,1.0,Age0_F1_m1f1_P1_Y37_UO125,R1_F1_m3f3_P3_Y35_UO158,R1_F1_m2f2_P2_Y35_UO225,FXX,0,0.0,0,0,0.0,0,0,0,0.0,0.4726276397705078,1,P2_CV0,1,1,1,0,2
1,1.0,1.0,Age0_F1_m1f1_P1_Y37_UO126,R1_F1_m3f3_P3_Y35_UO158,R1_F1_m2f2_P2_Y35_UO225,MXY,0,0.0,0,0,0.0,0,0,0,0.0,0.4726276397705078,1,P2_CV0,1,2,0,0,2
1,1.0,1.0,Age0_F1_m1f1_P1_Y37_UO127,R1_F1_m3f3_P3_Y35_UO158,R1_F1_m2f2_P2_Y35_UO225,MXY,0,0.0,0,0,0.0,0,0,0,0.0,0.4726276397705078,1,P2_CV0,1,1,1,0,2
1,1.0,1.0,Age0_F1_m1f1_P1_Y37_UO128,R1_F1_m1f1_P1_Y35_UO49,R1_F1_m2f2_P2_Y35_UO225,MXY,0,0.0,0,0,0.0,0,0,0,0.0,0.47347354888916016,1,P2_CV0,1,1,1,0,2
1,1.0,1.0,Age0_F1_m1f1_P1_Y37_UO130,R1_F1_m1f1_P1_Y35_UO49,R1_F1_m2f2_P2_Y35_UO225,FXX,0,0.0,0,0,0.0,0,0,0,0.0,0.47347354888916016,1,P2_CV0,1,2,0,0,2
1,1.0,1.0,Age0_F1_m1f1_P1_Y37_UO131,R1_F1_m1f1_P1_Y35_UO49,R1_F1_m2f2_P2_Y35_UO225,FXX,0,0.0,0,0,0.0,0,0,0,0.0,0.47347354888916016,1,P2_CV0,1,2,0,0,2
1,1.0,1.0,Age0_F1_m1f1_P1_Y37_UO132,R1_F1_m1f1_P1_Y35_UO49,R1_F1_m2f2_P2_Y35_UO225,MXY,0,0.0,0,0,0.0,0,0,0,0.0,0.47347354888916016,1,P2_CV0,1,2,0,0,2
1,1.0,1.0,Age0_F1_m1f1_P1_Y37_UO133,R1_F1_m1f1_P1_Y35_UO137,R1_F1_m1f1_P1_Y34_UO111,FXX,0,0.0,0,0,0.0,0,0,0,0.0,0.47544288635253906,1,P2_CV0,1,2,0,2,0
1,1.0,1.0,Age0_F1_m1f1_P1_Y37_UO134,R1_F1_m1f1_P1_Y35_UO137,R1_F1_m1f1_P1_Y34_UO111,MXY,0,0.0,0,0,0.0,0,0,0,0.0,0.47544288635253906,1,P2_CV0,1,2,0,2,0
1,1.0,1.0,Age0_F1_m1f1_P1_Y37_UO135,R1_F1_m1f1_P1_Y35_UO137,R1_F1_m1f1_P1_Y34_UO111,MXY,0,0.0,0,0,0.0,0,0,0,0.0,0.47544288635253906,1,P2_CV0,1,1,1,2,0
1,1.0,1.0,Age0_F1_m1f1_P1_Y37_UO136,R1_F1_m1f1_P1_Y35_UO137,R1_F1_m1f1_P1_Y34_UO111,FXX,0,0.0,0,0,0.0,0,0,0,0.0,0.47544288635253906,1,P2_CV0,1,1,1,2,0
1,1.0,1.0,Age0_F1_m1f1_P1_Y37_UO137,R1_F1_m1f1_P1_Y35_UO137,R1_F1_m1f1_P1_Y34_UO111,FXX,0,0.0,0,0,0.0,0,0,0,0.0,0.47544288635253906,1,P2_CV0,1,1,1,2,0
1,1.0,1.0,Age0_F1_m1f1_P1_Y37_UO138,R1_F1_m1f1_P1_Y35_UO137,R1_F1_m1f1_P1_Y34_UO111,MXY,0,0.0,0,0,0.0,0,0,0,0.0,0.47544288635253906,1,P2_CV0,1,2,0,2,0
1,1.0,1.0,Age0_F1_m1f1_P1_Y37_UO139,R1_F1_m1f1_P1_Y35_UO137,R1_F1_m1f1_P1_Y34_UO111,MXY,0,0.0,0,0,0.0,0,0,0,0.0,0.47544288635253906,1,P2_CV0,1,2,0,2,0
1,1.0,1.0,Age0_F1_m1f1_P1_Y37_UO140,R1_F1_m1f1_P1_Y35_UO137,R1_F1_m1f1_P1_Y34_UO111,FXX,0,0.0,0,0,0.0,0,0,0,0.0,0.47544288635253906,1,P2_CV0,1,2,0,2,0
1,1.0,1.0,Age0_F1_m1f1_P1_Y37_UO141,R1_F1_m1f1_P1_Y35_UO137,R1_F1_m1f1_P1_Y34_UO111,FXX,0,0.0,0,0,0.0,0,0,0,0.0,0.47544288635253906,1,P2_CV0,1,1,1,2,0
1,1.0,1.0,Age0_F1_m1f1_P1_Y37_UO145,R1_F1_m3f3_P3_Y35_UO203,R1_F1_m3f3_P3_Y34_UO103,MXY,0,0.0,0,0,0.0,0,0,0,0.0,0.47265625,1,P2_CV0,1,2,0,1,1
1,1.0,1.0,Age0_F1_m1f1_P1_Y37_UO146,R1_F1_m3f3_P3_Y35_UO203,R1_F1_m3f3_P3_Y34_UO103,FXX,0,0.0,0,0,0.0,0,0,0,0.0,0.47265625,1,P2_CV0,1,1,1,1,1
1,1.0,1.0,Age0_F1_m1f1_P1_Y37_UO148,R1_F1_m3f3_P3_Y35_UO203,R1_F1_m3f3_P3_Y34_UO103,FXX,0,0.0,0,0,0.0,0,0,0,0.0,0.47265625,1,P2_CV0,1,1,1,1,1
1,1.0,1.0,Age0_F1_m1f1_P1_Y37_UO149,R1_F1_m3f3_P3_Y35_UO203,R1_F1_m3f3_P3_Y34_UO103,MXY,0,0.0,0,0,0.0,0,0,0,0.0,0.47265625,1,P2_CV0,1,2,0,1,1
1,1.0,1.0,Age0_F1_m1f1_P1_Y37_UO150,R1_F1_m3f3_P3_Y35_UO203,R1_F1_m3f3_P3_Y34_UO103,MXY,0,0.0,0,0,0.0,0,0,0,0.0,0.47265625,1,P2_CV0,1,0,2,1,1
1,1.0,1.0,Age0_F1_m1f1_P1_Y37_UO151,R1_F1_m3f3_P3_Y35_UO203,R1_F1_m3f3_P3_Y34_UO103,FXX,0,0.0,0,0,0.0,0,0,0,0.0,0.47265625,1,P2_CV0,1,1,1,1,1
1,1.0,1.0,Age0_F1_m1f1_P1_Y37_UO154,R1_F1_m3f3_P3_Y35_UO203,R1_F1_m3f3_P3_Y34_UO103,FXX,0,0.0,0,0,0.0,0,0,0,0.0,0.47265625,1,P2_CV0,1,1,1,1,1
1,1.0,1.0,Age0_F1_m1f1_P1_Y37_UO155,R1_F1_m3f3_P3_Y35_UO203,R1_F1_m3f3_P3_Y34_UO103,FXX,0,0.0,0,0,0.0,0,0,0,0.0,0.47265625,1,P2_CV0,1,1,1,1,1
1,1.0,1.0,Age0_F1_m1f1_P1_Y37_UO186,R1_F1_m3f3_P3_Y35_UO205,R1_F1_m2f2_P2_Y34_UO142,FXX,0,0.0,0,0,0.0,0,0,0,0.0,0.4727363586425781,1,P2_CV0,1,0,2,1,1
1,1.0,1.0,Age0_F1_m1f1_P1_Y37_UO187,R1_F1_m3f3_P3_Y35_UO205,R1_F1_m2f2_P2_Y34_UO142,FXX,0,0.0,0,0,0.0,0,0,0,0.0,0.4727363586425781,1,P2_CV0,1,0,2,1,1
1,1.0,1.0,Age0_F1_m1f1_P1_Y37_UO188,R1_F1_m3f3_P3_Y35_UO205,R1_F1_m2f2_P2_Y34_UO142,MXY,0,0.0,0,0,0.0,0,0,0,0.0,0.4727363586425781,1,P2_CV0,1,0,2,1,1
1,1.0,1.0,Age0_F1_m1f1_P1_Y37_UO189,R1_F1_m3f3_P3_Y35_UO205,R1_F1_m2f2_P2_Y34_UO142,MXY,0,0.0,0,0,0.0,0,0,0,0.0,0.4727363586425781,1,P2_CV0,1,0,2,1,1
1,1.0,1.0,Age0_F1_m1f1_P1_Y37_UO190,R1_F1_m3f3_P3_Y35_UO205,R1_F1_m2f2_P2_Y34_UO142,MXY,0,0.0,0,0,0.0,0,0,0,0.0,0.4727363586425781,1,P2_CV0,1,1,1,2,0
1,1.0,1.0,Age0_F1_m1f1_P1_Y37_UO191,R1_F1_m3f3_P3_Y35_UO205,R1_F1_m2f2_P2_Y34_UO142,MXY,0,0.0,0,0,0.0,0,0,0,0.0,0.4727363586425781,1,P2_CV0,1,1,1,1,1
1,1.0,1.0,Age0_F1_m1f1_P1_Y37_UO192,R1_F1_m3f3_P3_Y35_UO205,R1_F1_m2f2_P2_Y34_UO142,FXX,0,0.0,0,0,0.0,0,0,0,0.0,0.4727363586425781,1,P2_CV0,1,0,2,2,0
1,1.0,1.0,Age0_F1_m1f1_P1_Y37_UO193,R1_F1_m3f3_P3_Y35_UO205,R1_F1_m2f2_P2_Y34_UO142,MXY,0,0.0,0,0,0.0,0,0,0,0.0,0.4727363586425781,1,P2_CV0,1,1,1,1,1
1,1.0,1.0,Age0_F1_m1f1_P1_Y37_UO224,R1_F1_m3f3_P3_Y35_UO205,R1_F1_m2f2_P2_Y35_UO225,FXX,0,0.0,0,0,0.0,0,0,0,0.0,0.47194766998291016,1,P2_CV0,1,2,0,0,2
1,1.0,1.0,Age0_F1_m1f1_P1_Y37_UO225,R1_F1_m3f3_P3_Y35_UO205,R1_F1_m2f2_P2_Y35_UO225,FXX,0,0.0,0,0,0.0,0,0,0,0.0,0.47194766998291016,1,P2_CV0,1,2,0,0,2
1,1.0,1.0,Age0_F1_m1f1_P1_Y37_UO226,R1_F1_m3f3_P3_Y35_UO205,R1_F1_m2f2_P2_Y35_UO225,FXX,0,0.0,0,0,0.0,0,0,0,0.0,0.47194766998291016,1,P2_CV0,1,2,0,1,1
1,1.0,1.0,Age0_F1_m1f1_P1_Y37_UO227,R1_F1_m3f3_P3_Y35_UO205,R1_F1_m2f2_P2_Y35_UO225,FXX,0,0.0,0,0,0.0,0,0,0,0.0,0.47194766998291016,1,P2_CV0,1,2,0,1,1
1,1.0,1.0,Age0_F1_m1f1_P1_Y37_UO228,R1_F1_m3f3_P3_Y35_UO205,R1_F1_m2f2_P2_Y35_UO225,FXX,0,0.0,0,0,0.0,0,0,0,0.0,0.47194766998291016,1,P2_CV0,1,2,0,0,2
1,1.0,1.0,Age0_F1_m1f1_P1_Y37_UO229,R1_F1_m3f3_P3_Y35_UO205,R1_F1_m2f2_P2_Y35_UO225,MXY,0,0.0,0,0,0.0,0,0,0,0.0,0.47194766998291016,1,P2_CV0,1,2,0,1,1
1,1.0,1.0,Age0_F1_m1f1_P1_Y37_UO230,R1_F1_m3f3_P3_Y35_UO205,R1_F1_m2f2_P2_Y35_UO225,FXX,0,0.0,0,0,0.0,0,0,0,0.0,0.47194766998291016,1,P2_CV0,1,2,0,1,1
1,1.0,1.0,Age0_F1_m1f1_P1_Y37_UO231,R1_F1_m3f3_P3_Y35_UO205,R1_F1_m2f2_P2_Y35_UO225,MXY,0,0.0,0,0,0.0,0,0,0,0.0,0.47194766998291016,1,P2_CV0,1,1,1,0,2
1,1.0,1.0,R1_F1_m2f2_P2_Y36_UO35,R2_F2_m4f4_P4_Y34_UO134,R2_F2_m4f4_P4_Y34_UO120,MXY,1,0.0,1,1,0.0,0,0,0,-9999.0,0.47530651092529297,1,P2_CV0,1,0,2,0,2
1,1.0,1.0,R1_F1_m2f2_P2_Y36_UO237,R2_F2_m4f4_P4_Y34_UO263,R2_F2_m1f1_P1_Y34_UO163,MXY,1,0.0,1,1,0.0,0,0,0,-9999.0,0.4746837615966797,1,P2_CV0,1,1,1,0,2
1,1.0,1.0,R1_F1_m1f1_P1_Y36_UO93,R1_F1_m2f2_P2_Y34_UO62,R1_F1_m1f1_P1_Y32_UO80,MXY,1,0.0,1,1,0.0,0,0,0,-9999.0,0.4750823974609375,1,P2_CV0,1,0,2,0,2
1,1.0,1.0,R1_F1_m2f2_P2_Y36_UO128,R2_F2_m1f1_P1_Y34_UO170,R2_F2_m1f1_P1_Y34_UO165,FXX,1,0.0,1,1,1.0,0,0,0,-9999.0,0.4781970977783203,1,P2_CV0,1,0,2,0,2
1,1.0,1.0,R1_F1_m3f3_P3_Y36_UO87,R3_F3_m4f4_P4_Y34_UO259,R3_F3_m4f4_P4_Y34_UO253,MXY,1,0.0,1,1,0.0,0,0,0,-9999.0,0.47472572326660156,1,P2_CV0,1,0,2,0,2
1,1.0,1.0,R1_F1_m2f2_P2_Y36_UO257,R2_F2_m4f4_P4_Y34_UO217,R2_F2_m1f1_P1_Y33_UO101,MXY,1,0.0,1,1,0.0,0,0,0,-9999.0,0.47339820861816406,1,P2_CV0,1,2,0,2,0
1,1.0,1.0,R1_F1_m3f3_P3_Y36_UO188,R3_F3_m4f4_P4_Y34_UO125,R3_F3_m4f4_P4_Y34_UO122,FXX,1,0.0,1,1,1.0,0,0,0,-9999.0,0.4762916564941406,1,P2_CV0,1,1,1,1,1
1,1.0,1.0,R1_F1_m3f3_P3_Y36_UO27,R3_F3_m4f4_P4_Y34_UO125,R3_F3_m1f1_P1_Y34_UO247,FXX,1,0.0,1,1,1.0,0,0,0,-9999.0,0.4775094985961914,1,P2_CV0,1,0,2,2,0
1,1.0,1.0,R1_F1_m2f2_P2_Y36_UO156,R2_F2_m1f1_P1_Y34_UO170,R2_F2_m1f1_P1_Y34_UO225,FXX,1,0.0,1,1,1.0,0,0,0,-9999.0,0.4785327911376953,1,P2_CV0,1,0,2,1,1
1,1.0,1.0,R1_F1_m2f2_P2_Y36_UO171,R2_F2_m1f1_P1_Y34_UO170,R2_F2_m1f1_P1_Y34_UO48,MXY,1,0.0,1,1,0.0,0,0,0,-9999.0,0.4786386489868164,1,P2_CV0,1,0,2,0,2
1,1.0,1.0,R1_F1_m3f3_P3_Y36_UO48,R3_F3_m4f4_P4_Y34_UO126,R3_F3_m4f4_P4_Y34_UO202,MXY,1,0.0,1,1,0.0,0,0,0,-9999.0,0.47719860076904297,1,P2_CV0,1,1,1,1,1
1,1.0,1.0,R1_F1_m2f2_P2_Y36_UO176,R2_F2_m4f4_P4_Y34_UO263,R2_F2_m1f1_P1_Y34_UO231,MXY,1,0.0,1,1,0.0,0,0,0,-9999.0,0.4750328063964844,1,P2_CV0,1,1,1,1,1
1,1.0,1.0,R1_F1_m3f3_P3_Y36_UO191,R3_F3_m4f4_P4_Y34_UO125,R3_F3_m4f4_P4_Y34_UO122,FXX,1,0.0,1,1,1.0,0,0,0,-9999.0,0.4762916564941406,1,P2_CV0,1,1,1,1,1
1,1.0,1.0,R1_F1_m2f2_P2_Y36_UO124,R2_F2_m1f1_P1_Y34_UO170,R2_F2_m1f1_P1_Y34_UO165,MXY,1,0.0,1,1,0.0,0,0,0,-9999.0,0.4781970977783203,1,P2_CV0,1,0,2,0,2
1,1.0,1.0,R1_F1_m1f1_P1_Y35_UO178,R1_F1_m2f2_P2_Y33_UO14,R1_F1_m1f1_P1_Y30_UO99,MXY,2,0.0,1,0,0.0,0,0,0,-9999.0,0.4765491485595703,1,P2_CV0,1,0,2,1,1
1,1.0,1.0,R1_F1_m1f1_P1_Y35_UO177,R1_F1_m2f2_P2_Y33_UO14,R1_F1_m1f1_P1_Y30_UO99,FXX,2,0.0,1,0,1.0,0,0,0,-9999.0,0.4765491485595703,1,P2_CV0,1,1,1,0,2
1,1.0,1.0,R1_F1_m2f2_P2_Y35_UO99,R2_F2_m2f2_P2_Y33_UO56,R2_F2_m4f4_P4_Y33_UO227,MXY,2,0.0,1,0,0.0,0,0,0,-9999.0,0.47303199768066406,1,P2_CV0,1,1,1,1,1
1,1.0,1.0,R1_F1_m1f1_P1_Y34_UO111,R1_F1_m2f2_P2_Y32_UO229,R1_F1_m1f1_P1_Y32_UO41,MXY,3,0.0,1,0,0.0,0,0,0,-9999.0,0.4783306121826172,1,P2_CV0,1,1,1,2,0
1,1.0,1.0,R1_F1_m2f2_P2_Y32_UO135,R2_F2_m2f2_P2_Y30_UO169,R2_F2_m2f2_P2_Y30_UO234,FXX,5,0.0,1,0,1.0,0,0,0,-9999.0,0.4767913818359375,1,P2_CV0,1,0,2,0,2
2,2.0,1.0,Age0_F2_m2f2_P2_Y37_UO18,R2_F2_m4f4_P4_Y35_UO236,R2_F2_m1f1_P1_Y35_UO27,FXX,0,0.0,0,0,0.0,0,0,0,0.0,0.4707479476928711,1,P0_CV0,1,2,0,2,0
2,2.0,1.0,Age0_F2_m2f2_P2_Y37_UO19,R2_F2_m4f4_P4_Y35_UO236,R2_F2_m1f1_P1_Y35_UO27,FXX,0,0.0,0,0,0.0,0,0,0,0.0,0.4707479476928711,1,P0_CV0,1,2,0,2,0
2,2.0,1.0,Age0_F2_m2f2_P2_Y37_UO20,R2_F2_m4f4_P4_Y35_UO236,R2_F2_m1f1_P1_Y35_UO27,FXX,0,0.0,0,0,0.0,0,0,0,0.0,0.4707479476928711,1,P0_CV0,1,2,0,0,2
2,2.0,1.0,Age0_F2_m2f2_P2_Y37_UO55,R2_F2_m1f1_P1_Y35_UO28,R2_F2_m2f2_P2_Y35_UO17,FXX,0,0.0,0,0,0.0,0,0,0,0.0,0.4703254699707031,1,P0_CV0,1,2,0,2,0
2,2.0,1.0,Age0_F2_m2f2_P2_Y37_UO56,R2_F2_m1f1_P1_Y35_UO28,R2_F2_m2f2_P2_Y35_UO17,FXX,0,0.0,0,0,0.0,0,0,0,0.0,0.4703254699707031,1,P0_CV0,1,2,0,2,0
2,2.0,1.0,Age0_F2_m2f2_P2_Y37_UO57,R2_F2_m1f1_P1_Y35_UO28,R2_F2_m2f2_P2_Y35_UO17,FXX,0,0.0,0,0,0.0,0,0,0,0.0,0.4703254699707031,1,P0_CV0,1,2,0,1,1
2,2.0,1.0,Age0_F2_m2f2_P2_Y37_UO59,R2_F2_m1f1_P1_Y35_UO28,R2_F2_m2f2_P2_Y35_UO17,MXY,0,0.0,0,0,0.0,0,0,0,0.0,0.4703254699707031,1,P0_CV0,1,2,0,1,1
2,2.0,1.0,Age0_F2_m2f2_P2_Y37_UO60,R2_F2_m1f1_P1_Y35_UO28,R2_F2_m2f2_P2_Y35_UO17,FXX,0,0.0,0,0,0.0,0,0,0,0.0,0.4703254699707031,1,P0_CV0,1,2,0,1,1
2,2.0,1.0,Age0_F2_m2f2_P2_Y37_UO61,R2_F2_m1f1_P1_Y35_UO28,R2_F2_m2f2_P2_Y35_UO17,FXX,0,0.0,0,0,0.0,0,0,0,0.0,0.4703254699707031,1,P0_CV0,1,2,0,1,1
2,2.0,1.0,Age0_F2_m2f2_P2_Y37_UO62,R2_F2_m1f1_P1_Y35_UO28,R2_F2_m2f2_P2_Y35_UO17,FXX,0,0.0,0,0,0.0,0,0,0,0.0,0.4703254699707031,1,P0_CV0,1,2,0,2,0
2,2.0,1.0,Age0_F2_m2f2_P2_Y37_UO63,R2_F2_m1f1_P1_Y35_UO28,R2_F2_m2f2_P2_Y35_UO17,MXY,0,0.0,0,0,0.0,0,0,0,0.0,0.4703254699707031,1,P0_CV0,1,2,0,2,0
2,2.0,1.0,Age0_F2_m2f2_P2_Y37_UO64,R2_F2_m1f1_P1_Y35_UO28,R2_F2_m2f2_P2_Y35_UO17,MXY,0,0.0,0,0,0.0,0,0,0,0.0,0.4703254699707031,1,P0_CV0,1,2,0,2,0
2,2.0,1.0,Age0_F2_m2f2_P2_Y37_UO68,R2_F2_m4f4_P4_Y35_UO236,R2_F2_m4f4_P4_Y34_UO120,FXX,0,0.0,0,0,0.0,0,0,0,0.0,0.4732809066772461,1,P0_CV0,1,1,1,1,1
2,2.0,1.0,Age0_F2_m2f2_P2_Y37_UO69,R2_F2_m4f4_P4_Y35_UO236,R2_F2_m4f4_P4_Y34_UO120,FXX,0,0.0,0,0,0.0,0,0,0,0.0,0.4732809066772461,1,P0_CV0,1,1,1,0,2
2,2.0,1.0,Age0_F2_m2f2_P2_Y37_UO73,R2_F2_m4f4_P4_Y35_UO236,R2_F2_m4f4_P4_Y34_UO120,FXX,0,0.0,0,0,0.0,0,0,0,0.0,0.4732809066772461,1,P0_CV0,1,1,1,0,2
2,2.0,1.0,Age0_F2_m2f2_P2_Y37_UO194,R2_F2_m1f1_P1_Y35_UO182,R2_F2_m2f2_P2_Y35_UO17,MXY,0,0.0,0,0,0.0,0,0,0,0.0,0.47298717498779297,1,P0_CV0,1,1,1,1,1
2,2.0,1.0,Age0_F2_m2f2_P2_Y37_UO195,R2_F2_m1f1_P1_Y35_UO182,R2_F2_m2f2_P2_Y35_UO17,FXX,0,0.0,0,0,0.0,0,0,0,0.0,0.47298717498779297,1,P0_CV0,1,1,1,1,1
2,2.0,1.0,Age0_F2_m2f2_P2_Y37_UO197,R2_F2_m1f1_P1_Y35_UO182,R2_F2_m2f2_P2_Y35_UO17,FXX,0,0.0,0,0,0.0,0,0,0,0.0,0.47298717498779297,1,P0_CV0,1,1,1,1,1
2,2.0,1.0,Age0_F2_m2f2_P2_Y37_UO202,R2_F2_m1f1_P1_Y35_UO182,R2_F2_m2f2_P2_Y35_UO17,FXX,0,0.0,0,0,0.0,0,0,0,0.0,0.47298717498779297,1,P0_CV0,1,2,0,1,1
2,2.0,1.0,Age0_F2_m2f2_P2_Y37_UO203,R2_F2_m1f1_P1_Y35_UO182,R2_F2_m2f2_P2_Y35_UO17,FXX,0,0.0,0,0,0.0,0,0,0,0.0,0.47298717498779297,1,P0_CV0,1,2,0,0,2
2,2.0,1.0,Age0_F2_m2f2_P2_Y37_UO205,R2_F2_m1f1_P1_Y35_UO182,R2_F2_m2f2_P2_Y35_UO17,MXY,0,0.0,0,0,0.0,0,0,0,0.0,0.47298717498779297,1,P0_CV0,1,2,0,0,2
2,2.0,1.0,R2_F2_m4f4_P4_Y36_UO118,R4_F4_m4f4_P4_Y34_UO98,R4_F4_m4f4_P4_Y34_UO67,FXX,1,0.0,1,1,1.0,0,0,0,-9999.0,0.47530460357666016,1,P0_CV0,1,0,2,1,1
2,2.0,1.0,R2_F2_m2f2_P2_Y36_UO218,R2_F2_m4f4_P4_Y34_UO130,R2_F2_m1f1_P1_Y33_UO101,FXX,1,0.0,1,1,1.0,0,0,0,-9999.0,0.47386646270751953,1,P0_CV0,1,0,2,1,1
2,2.0,1.0,R2_F2_m2f2_P2_Y36_UO220,R2_F2_m4f4_P4_Y34_UO130,R2_F2_m1f1_P1_Y33_UO101,FXX,1,0.0,1,1,1.0,0,0,0,-9999.0,0.47386646270751953,1,P0_CV0,1,1,1,2,0
2,2.0,1.0,R2_F2_m2f2_P2_Y36_UO217,R2_F2_m4f4_P4_Y34_UO130,R2_F2_m1f1_P1_Y33_UO101,MXY,1,0.0,1,1,0.0,0,0,0,-9999.0,0.47386646270751953,1,P0_CV0,1,0,2,1,1
2,2.0,1.0,R2_F2_m2f2_P2_Y36_UO180,R2_F2_m4f4_P4_Y34_UO263,R2_F2_m1f1_P1_Y34_UO231,MXY,1,0.0,1,1,0.0,0,0,0,-9999.0,0.4750328063964844,1,P0_CV0,1,1,1,1,1
2,2.0,1.0,R2_F2_m2f2_P2_Y36_UO45,R2_F2_m4f4_P4_Y34_UO130,R2_F2_m1f1_P1_Y34_UO165,MXY,1,0.0,1,1,0.0,0,0,0,-9999.0,0.4757976531982422,1,P0_CV0,1,0,2,2,0
2,2.0,1.0,R2_F2_m2f2_P2_Y35_UO17,R2_F2_m4f4_P4_Y33_UO45,R2_F2_m4f4_P4_Y33_UO188,MXY,2,0.0,1,0,0.0,0,0,0,-9999.0,0.4694252014160156,1,P0_CV0,1,2,0,1,1
2,2.0,1.0,Age0_F2_m2f2_P2_Y37_UO22,R2_F2_m4f4_P4_Y35_UO122,R2_F2_m1f1_P1_Y35_UO27,MXY,0,0.0,0,0,0.0,0,0,0,0.0,0.4720954895019531,1,P1_CV0,1,2,0,1,1
2,2.0,1.0,Age0_F2_m2f2_P2_Y37_UO23,R2_F2_m4f4_P4_Y35_UO122,R2_F2_m1f1_P1_Y35_UO27,FXX,0,0.0,0,0,0.0,0,0,0,0.0,0.4720954895019531,1,P1_CV0,1,1,1,1,1
2,2.0,1.0,Age0_F2_m2f2_P2_Y37_UO24,R2_F2_m4f4_P4_Y35_UO122,R2_F2_m1f1_P1_Y35_UO27,FXX,0,0.0,0,0,0.0,0,0,0,0.0,0.4720954895019531,1,P1_CV0,1,2,0,1,1
2,2.0,1.0,Age0_F2_m2f2_P2_Y37_UO26,R2_F2_m4f4_P4_Y35_UO122,R2_F2_m1f1_P1_Y35_UO27,MXY,0,0.0,0,0,0.0,0,0,0,0.0,0.4720954895019531,1,P1_CV0,1,2,0,2,0
2,2.0,1.0,R2_F2_m2f2_P2_Y36_UO162,R2_F2_m1f1_P1_Y34_UO170,R2_F2_m1f1_P1_Y34_UO225,FXX,1,0.0,1,1,1.0,0,0,0,-9999.0,0.4785327911376953,1,P1_CV0,1,0,2,1,1
2,2.0,1.0,R2_F2_m4f4_P4_Y36_UO132,R4_F4_m2f2_P2_Y34_UO196,R4_F4_m4f4_P4_Y34_UO67,MXY,1,0.0,1,1,0.0,0,0,0,-9999.0,0.47356224060058594,1,P1_CV0,1,1,1,1,1
2,2.0,1.0,R2_F2_m4f4_P4_Y36_UO245,R4_F4_m2f2_P2_Y34_UO196,R4_F4_m4f4_P4_Y34_UO67,MXY,1,0.0,1,1,0.0,0,0,0,-9999.0,0.47356224060058594,1,P1_CV0,1,1,1,1,1
2,2.0,1.0,R2_F2_m4f4_P4_Y35_UO122,R4_F4_m4f4_P4_Y33_UO240,R4_F4_m2f2_P2_Y33_UO18,FXX,2,0.0,1,0,1.0,0,0,0,-9999.0,0.4729652404785156,1,P1_CV0,1,1,1,2,0
2,2.0,1.0,R2_F2_m4f4_P4_Y35_UO42,R4_F4_m3f3_P3_Y33_UO260,R4_F4_m2f2_P2_Y33_UO10,MXY,2,0.0,1,0,0.0,0,0,0,-9999.0,0.4717254638671875,1,P1_CV0,1,1,1,1,1
2,2.0,1.0,R2_F2_m4f4_P4_Y35_UO125,R4_F4_m4f4_P4_Y33_UO240,R4_F4_m2f2_P2_Y33_UO18,MXY,2,0.0,1,0,0.0,0,0,0,-9999.0,0.4729652404785156,1,P1_CV0,1,2,0,2,0
2,2.0,1.0,R2_F2_m1f1_P1_Y35_UO52,R1_F1_m2f2_P2_Y33_UO186,R1_F1_m3f3_P3_Y32_UO158,MXY,2,0.0,1,0,0.0,0,0,0,-9999.0,0.4754981994628906,1,P1_CV0,1,1,1,0,2
2,2.0,1.0,Age0_F2_m2f2_P2_Y37_UO15,R2_F2_m4f4_P4_Y35_UO236,R2_F2_m1f1_P1_Y35_UO27,FXX,0,0.0,0,0,0.0,0,0,0,0.0,0.4707479476928711,1,P2_CV0,1,1,1,0,2
2,2.0,1.0,Age0_F2_m2f2_P2_Y37_UO16,R2_F2_m4f4_P4_Y35_UO236,R2_F2_m1f1_P1_Y35_UO27,FXX,0,0.0,0,0,0.0,0,0,0,0.0,0.4707479476928711,1,P2_CV0,1,1,1,0,2
2,2.0,1.0,Age0_F2_m2f2_P2_Y37_UO17,R2_F2_m4f4_P4_Y35_UO236,R2_F2_m1f1_P1_Y35_UO27,FXX,0,0.0,0,0,0.0,0,0,0,0.0,0.4707479476928711,1,P2_CV0,1,1,1,2,0
2,2.0,1.0,Age0_F2_m2f2_P2_Y37_UO21,R2_F2_m4f4_P4_Y35_UO122,R2_F2_m1f1_P1_Y35_UO27,MXY,0,0.0,0,0,0.0,0,0,0,0.0,0.4720954895019531,1,P2_CV0,1,2,0,2,0
2,2.0,1.0,Age0_F2_m2f2_P2_Y37_UO25,R2_F2_m4f4_P4_Y35_UO122,R2_F2_m1f1_P1_Y35_UO27,FXX,0,0.0,0,0,0.0,0,0,0,0.0,0.4720954895019531,1,P2_CV0,1,1,1,2,0
2,2.0,1.0,Age0_F2_m2f2_P2_Y37_UO27,R2_F2_m4f4_P4_Y35_UO91,R2_F2_m4f4_P4_Y35_UO43,FXX,0,0.0,0,0,0.0,0,0,0,0.0,0.4710674285888672,1,P2_CV0,1,2,0,2,0
2,2.0,1.0,Age0_F2_m2f2_P2_Y37_UO28,R2_F2_m4f4_P4_Y35_UO91,R2_F2_m4f4_P4_Y35_UO43,FXX,0,0.0,0,0,0.0,0,0,0,0.0,0.4710674285888672,1,P2_CV0,1,1,1,2,0
2,2.0,1.0,Age0_F2_m2f2_P2_Y37_UO29,R2_F2_m4f4_P4_Y35_UO91,R2_F2_m4f4_P4_Y35_UO43,MXY,0,0.0,0,0,0.0,0,0,0,0.0,0.4710674285888672,1,P2_CV0,1,1,1,2,0
2,2.0,1.0,Age0_F2_m2f2_P2_Y37_UO30,R2_F2_m4f4_P4_Y35_UO91,R2_F2_m4f4_P4_Y35_UO43,FXX,0,0.0,0,0,0.0,0,0,0,0.0,0.4710674285888672,1,P2_CV0,1,0,2,2,0
2,2.0,1.0,Age0_F2_m2f2_P2_Y37_UO31,R2_F2_m4f4_P4_Y35_UO91,R2_F2_m4f4_P4_Y35_UO43,MXY,0,0.0,0,0,0.0,0,0,0,0.0,0.4710674285888672,1,P2_CV0,1,2,0,2,0
2,2.0,1.0,Age0_F2_m2f2_P2_Y37_UO32,R2_F2_m4f4_P4_Y35_UO91,R2_F2_m4f4_P4_Y35_UO43,FXX,0,0.0,0,0,0.0,0,0,0,0.0,0.4710674285888672,1,P2_CV0,1,1,1,2,0
2,2.0,1.0,Age0_F2_m2f2_P2_Y37_UO33,R2_F2_m4f4_P4_Y35_UO91,R2_F2_m4f4_P4_Y35_UO43,MXY,0,0.0,0,0,0.0,0,0,0,0.0,0.4710674285888672,1,P2_CV0,1,1,1,2,0
2,2.0,1.0,Age0_F2_m2f2_P2_Y37_UO34,R2_F2_m4f4_P4_Y35_UO91,R2_F2_m4f4_P4_Y35_UO43,FXX,0,0.0,0,0,0.0,0,0,0,0.0,0.4710674285888672,1,P2_CV0,1,1,1,2,0
2,2.0,1.0,Age0_F2_m2f2_P2_Y37_UO35,R2_F2_m4f4_P4_Y35_UO91,R2_F2_m4f4_P4_Y35_UO43,MXY,0,0.0,0,0,0.0,0,0,0,0.0,0.4710674285888672,1,P2_CV0,1,0,2,2,0
2,2.0,1.0,Age0_F2_m2f2_P2_Y37_UO36,R2_F2_m4f4_P4_Y35_UO91,R2_F2_m4f4_P4_Y35_UO43,FXX,0,0.0,0,0,0.0,0,0,0,0.0,0.4710674285888672,1,P2_CV0,1,1,1,2,0
2,2.0,1.0,Age0_F2_m2f2_P2_Y37_UO37,R2_F2_m4f4_P4_Y35_UO91,R2_F2_m4f4_P4_Y35_UO43,MXY,0,0.0,0,0,0.0,0,0,0,0.0,0.4710674285888672,1,P2_CV0,1,1,1,2,0
2,2.0,1.0,Age0_F2_m2f2_P2_Y37_UO53,R2_F2_m1f1_P1_Y35_UO28,R2_F2_m2f2_P2_Y35_UO17,FXX,0,0.0,0,0,0.0,0,0,0,0.0,0.4703254699707031,1,P2_CV0,1,2,0,2,0
2,2.0,1.0,Age0_F2_m2f2_P2_Y37_UO54,R2_F2_m1f1_P1_Y35_UO28,R2_F2_m2f2_P2_Y35_UO17,FXX,0,0.0,0,0,0.0,0,0,0,0.0,0.4703254699707031,1,P2_CV0,1,2,0,2,0
2,2.0,1.0,Age0_F2_m2f2_P2_Y37_UO58,R2_F2_m1f1_P1_Y35_UO28,R2_F2_m2f2_P2_Y35_UO17,FXX,0,0.0,0,0,0.0,0,0,0,0.0,0.4703254699707031,1,P2_CV0,1,2,0,2,0
2,2.0,1.0,Age0_F2_m2f2_P2_Y37_UO65,R2_F2_m1f1_P1_Y35_UO28,R2_F2_m2f2_P2_Y35_UO17,FXX,0,0.0,0,0,0.0,0,0,0,0.0,0.4703254699707031,1,P2_CV0,1,2,0,2,0
2,2.0,1.0,Age0_F2_m2f2_P2_Y37_UO66,R2_F2_m4f4_P4_Y35_UO236,R2_F2_m4f4_P4_Y34_UO120,MXY,0,0.0,0,0,0.0,0,0,0,0.0,0.4732809066772461,1,P2_CV0,1,1,1,1,1
2,2.0,1.0,Age0_F2_m2f2_P2_Y37_UO67,R2_F2_m4f4_P4_Y35_UO236,R2_F2_m4f4_P4_Y34_UO120,MXY,0,0.0,0,0,0.0,0,0,0,0.0,0.4732809066772461,1,P2_CV0,1,0,2,0,2
2,2.0,1.0,Age0_F2_m2f2_P2_Y37_UO70,R2_F2_m4f4_P4_Y35_UO236,R2_F2_m4f4_P4_Y34_UO120,FXX,0,0.0,0,0,0.0,0,0,0,0.0,0.4732809066772461,1,P2_CV0,1,1,1,0,2
2,2.0,1.0,Age0_F2_m2f2_P2_Y37_UO71,R2_F2_m4f4_P4_Y35_UO236,R2_F2_m4f4_P4_Y34_UO120,MXY,0,0.0,0,0,0.0,0,0,0,0.0,0.4732809066772461,1,P2_CV0,1,1,1,1,1
2,2.0,1.0,Age0_F2_m2f2_P2_Y37_UO72,R2_F2_m4f4_P4_Y35_UO236,R2_F2_m4f4_P4_Y34_UO120,MXY,0,0.0,0,0,0.0,0,0,0,0.0,0.4732809066772461,1,P2_CV0,1,1,1,0,2
2,2.0,1.0,Age0_F2_m2f2_P2_Y37_UO196,R2_F2_m1f1_P1_Y35_UO182,R2_F2_m2f2_P2_Y35_UO17,MXY,0,0.0,0,0,0.0,0,0,0,0.0,0.47298717498779297,1,P2_CV0,1,1,1,0,2
2,2.0,1.0,Age0_F2_m2f2_P2_Y37_UO198,R2_F2_m1f1_P1_Y35_UO182,R2_F2_m2f2_P2_Y35_UO17,FXX,0,0.0,0,0,0.0,0,0,0,0.0,0.47298717498779297,1,P2_CV0,1,1,1,0,2
2,2.0,1.0,Age0_F2_m2f2_P2_Y37_UO199,R2_F2_m1f1_P1_Y35_UO182,R2_F2_m2f2_P2_Y35_UO17,FXX,0,0.0,0,0,0.0,0,0,0,0.0,0.47298717498779297,1,P2_CV0,1,1,1,1,1
2,2.0,1.0,Age0_F2_m2f2_P2_Y37_UO200,R2_F2_m1f1_P1_Y35_UO182,R2_F2_m2f2_P2_Y35_UO17,FXX,0,0.0,0,0,0.0,0,0,0,0.0,0.47298717498779297,1,P2_CV0,1,1,1,1,1
2,2.0,1.0,Age0_F2_m2f2_P2_Y37_UO201,R2_F2_m1f1_P1_Y35_UO182,R2_F2_m2f2_P2_Y35_UO17,MXY,0,0.0,0,0,0.0,0,0,0,0.0,0.47298717498779297,1,P2_CV0,1,2,0,1,1
2,2.0,1.0,Age0_F2_m2f2_P2_Y37_UO204,R2_F2_m1f1_P1_Y35_UO182,R2_F2_m2f2_P2_Y35_UO17,FXX,0,0.0,0,0,0.0,0,0,0,0.0,0.47298717498779297,1,P2_CV0,1,1,1,1,1
2,2.0,1.0,Age0_F2_m2f2_P2_Y37_UO206,R2_F2_m1f1_P1_Y35_UO182,R2_F2_m2f2_P2_Y35_UO17,FXX,0,0.0,0,0,0.0,0,0,0,0.0,0.47298717498779297,1,P2_CV0,1,2,0,0,2
2,2.0,1.0,Age0_F2_m2f2_P2_Y37_UO213,R2_F2_m4f4_P4_Y35_UO264,R2_F2_m4f4_P4_Y35_UO132,FXX,0,0.0,0,0,0.0,0,0,0,0.0,0.47170066833496094,1,P2_CV0,1,1,1,2,0
2,2.0,1.0,Age0_F2_m2f2_P2_Y37_UO214,R2_F2_m4f4_P4_Y35_UO264,R2_F2_m4f4_P4_Y35_UO132,FXX,0,0.0,0,0,0.0,0,0,0,0.0,0.47170066833496094,1,P2_CV0,1,0,2,2,0
2,2.0,1.0,Age0_F2_m2f2_P2_Y37_UO215,R2_F2_m4f4_P4_Y35_UO264,R2_F2_m4f4_P4_Y35_UO132,MXY,0,0.0,0,0,0.0,0,0,0,0.0,0.47170066833496094,1,P2_CV0,1,1,1,2,0
2,2.0,1.0,Age0_F2_m2f2_P2_Y37_UO216,R2_F2_m4f4_P4_Y35_UO264,R2_F2_m4f4_P4_Y35_UO132,MXY,0,0.0,0,0,0.0,0,0,0,0.0,0.47170066833496094,1,P2_CV0,1,0,2,1,1
2,2.0,1.0,Age0_F2_m2f2_P2_Y37_UO217,R2_F2_m4f4_P4_Y35_UO264,R2_F2_m4f4_P4_Y35_UO132,MXY,0,0.0,0,0,0.0,0,0,0,0.0,0.47170066833496094,1,P2_CV0,1,1,1,1,1
2,2.0,1.0,Age0_F2_m2f2_P2_Y37_UO218,R2_F2_m4f4_P4_Y35_UO264,R2_F2_m4f4_P4_Y35_UO132,FXX,0,0.0,0,0,0.0,0,0,0,0.0,0.47170066833496094,1,P2_CV0,1,1,1,2,0
2,2.0,1.0,Age0_F2_m2f2_P2_Y37_UO219,R2_F2_m4f4_P4_Y35_UO264,R2_F2_m4f4_P4_Y35_UO132,FXX,0,0.0,0,0,0.0,0,0,0,0.0,0.47170066833496094,1,P2_CV0,1,0,2,1,1
2,2.0,1.0,Age0_F2_m2f2_P2_Y37_UO220,R2_F2_m4f4_P4_Y35_UO264,R2_F2_m4f4_P4_Y35_UO132,MXY,0,0.0,0,0,0.0,0,0,0,0.0,0.47170066833496094,1,P2_CV0,1,0,2,2,0
2,2.0,1.0,Age0_F2_m2f2_P2_Y37_UO221,R2_F2_m4f4_P4_Y35_UO264,R2_F2_m4f4_P4_Y35_UO132,FXX,0,0.0,0,0,0.0,0,0,0,0.0,0.47170066833496094,1,P2_CV0,1,0,2,1,1
2,2.0,1.0,Age0_F2_m2f2_P2_Y37_UO222,R2_F2_m4f4_P4_Y35_UO264,R2_F2_m4f4_P4_Y35_UO132,MXY,0,0.0,0,0,0.0,0,0,0,0.0,0.47170066833496094,1,P2_CV0,1,1,1,1,1
2,2.0,1.0,Age0_F2_m2f2_P2_Y37_UO223,R2_F2_m4f4_P4_Y35_UO264,R2_F2_m4f4_P4_Y35_UO132,MXY,0,0.0,0,0,0.0,0,0,0,0.0,0.47170066833496094,1,P2_CV0,1,0,2,2,0
2,2.0,1.0,R2_F2_m1f1_P1_Y36_UO6,R1_F1_m3f3_P3_Y34_UO212,R1_F1_m3f3_P3_Y34_UO147,FXX,1,0.0,1,1,1.0,0,0,0,-9999.0,0.47388553619384766,1,P2_CV0,1,1,1,1,1
2,2.0,1.0,R2_F2_m2f2_P2_Y36_UO254,R2_F2_m4f4_P4_Y34_UO217,R2_F2_m1f1_P1_Y33_UO101,MXY,1,0.0,1,1,0.0,0,0,0,-9999.0,0.47339820861816406,1,P2_CV0,1,1,1,2,0
2,2.0,1.0,R2_F2_m4f4_P4_Y36_UO246,R4_F4_m2f2_P2_Y34_UO196,R4_F4_m4f4_P4_Y34_UO67,FXX,1,0.0,1,1,1.0,0,0,0,-9999.0,0.47356224060058594,1,P2_CV0,1,1,1,0,2
2,2.0,1.0,R2_F2_m1f1_P1_Y36_UO101,R1_F1_m2f2_P2_Y34_UO62,R1_F1_m1f1_P1_Y32_UO80,FXX,1,0.0,1,1,1.0,0,0,0,-9999.0,0.4750823974609375,1,P2_CV0,1,2,0,0,2
2,2.0,1.0,R2_F2_m4f4_P4_Y36_UO23,R4_F4_m4f4_P4_Y34_UO199,R4_F4_m3f3_P3_Y34_UO243,FXX,1,0.0,1,1,1.0,0,0,0,-9999.0,0.4772834777832031,1,P2_CV0,1,0,2,2,0
2,2.0,1.0,R2_F2_m1f1_P1_Y36_UO12,R1_F1_m3f3_P3_Y34_UO35,R1_F1_m2f2_P2_Y34_UO19,FXX,1,0.0,1,1,1.0,0,0,0,-9999.0,0.4761676788330078,1,P2_CV0,1,1,1,1,1
2,2.0,1.0,R2_F2_m4f4_P4_Y36_UO74,R4_F4_m2f2_P2_Y34_UO181,R4_F4_m2f2_P2_Y34_UO184,MXY,1,0.0,1,1,0.0,0,0,0,-9999.0,0.47655487060546875,1,P2_CV0,1,2,0,2,0
2,2.0,1.0,R2_F2_m4f4_P4_Y36_UO19,R4_F4_m4f4_P4_Y34_UO199,R4_F4_m3f3_P3_Y34_UO243,MXY,1,0.0,1,1,0.0,0,0,0,-9999.0,0.4772834777832031,1,P2_CV0,1,1,1,0,2
2,2.0,1.0,R2_F2_m2f2_P2_Y36_UO54,R2_F2_m4f4_P4_Y34_UO130,R2_F2_m1f1_P1_Y34_UO48,FXX,1,0.0,1,1,1.0,0,0,0,-9999.0,0.4762392044067383,1,P2_CV0,1,0,2,1,1
2,2.0,1.0,R2_F2_m4f4_P4_Y35_UO132,R4_F4_m3f3_P3_Y33_UO120,R4_F4_m4f4_P4_Y33_UO217,MXY,2,0.0,1,0,0.0,0,0,0,-9999.0,0.4725971221923828,1,P2_CV0,1,0,2,1,1
2,2.0,1.0,R2_F2_m4f4_P4_Y35_UO264,R4_F4_m3f3_P3_Y33_UO122,R4_F4_m2f2_P2_Y33_UO21,FXX,2,0.0,1,0,1.0,0,0,0,-9999.0,0.47080421447753906,1,P2_CV0,1,1,1,2,0
2,2.0,1.0,R2_F2_m4f4_P4_Y35_UO91,R4_F4_m3f3_P3_Y33_UO260,R4_F4_m2f2_P2_Y33_UO37,FXX,2,0.0,1,0,1.0,0,0,0,-9999.0,0.4704093933105469,1,P2_CV0,1,1,1,2,0
2,2.0,1.0,R2_F2_m1f1_P1_Y35_UO33,R1_F1_m2f2_P2_Y33_UO156,R1_F1_m2f2_P2_Y33_UO39,FXX,2,0.0,1,0,1.0,0,0,0,-9999.0,0.4712257385253906,1,P2_CV0,1,2,0,2,0
2,2.0,1.0,R2_F2_m4f4_P4_Y35_UO43,R4_F4_m3f3_P3_Y33_UO260,R4_F4_m2f2_P2_Y33_UO10,MXY,2,0.0,1,0,0.0,0,0,0,-9999.0,0.4717254638671875,1,P2_CV0,1,1,1,2,0
2,2.0,1.0,R2_F2_m1f1_P1_Y35_UO28,R1_F1_m2f2_P2_Y33_UO156,R1_F1_m2f2_P2_Y33_UO39,FXX,2,0.0,1,0,1.0,0,0,0,-9999.0,0.4712257385253906,1,P2_CV0,1,2,0,2,0
2,2.0,1.0,R2_F2_m1f1_P1_Y34_UO48,R1_F1_m1f1_P1_Y32_UO224,R1_F1_m1f1_P1_Y30_UO99,MXY,3,0.0,1,0,0.0,0,0,0,-9999.0,0.47815704345703125,1,P2_CV0,1,0,2,1,1
2,2.0,1.0,R2_F2_m4f4_P4_Y34_UO120,R4_F4_m4f4_P4_Y32_UO101,R4_F4_m4f4_P4_Y32_UO37,MXY,3,0.0,1,0,0.0,0,0,0,-9999.0,0.4762916564941406,1,P2_CV0,1,0,2,0,2
2,2.0,1.0,R2_F2_m4f4_P4_Y34_UO217,R4_F4_m4f4_P4_Y32_UO248,R4_F4_m3f3_P3_Y31_UO62,FXX,3,0.0,1,0,1.0,0,0,0,-9999.0,0.4733848571777344,1,P2_CV0,1,1,1,1,1
3,1.0,2.0,Age0_F3_m3f3_P3_Y37_UO89,R3_F3_m4f4_P4_Y35_UO220,R3_F3_m3f3_P3_Y34_UO115,MXY,0,0.0,0,0,0.0,0,0,0,0.0,0.4733715057373047,1,P0_CV0,1,1,1,0,2
3,1.0,2.0,Age0_F3_m3f3_P3_Y37_UO91,R3_F3_m4f4_P4_Y35_UO129,R3_F3_m4f4_P4_Y34_UO97,MXY,0,0.0,0,0,0.0,0,0,0,0.0,0.4751882553100586,1,P0_CV0,1,1,1,1,1
3,1.0,2.0,Age0_F3_m3f3_P3_Y37_UO92,R3_F3_m4f4_P4_Y35_UO129,R3_F3_m4f4_P4_Y34_UO97,MXY,0,0.0,0,0,0.0,0,0,0,0.0,0.4751882553100586,1,P0_CV0,1,0,2,0,2
3,1.0,2.0,Age0_F3_m3f3_P3_Y37_UO93,R3_F3_m4f4_P4_Y35_UO129,R3_F3_m4f4_P4_Y34_UO97,FXX,0,0.0,0,0,0.0,0,0,0,0.0,0.4751882553100586,1,P0_CV0,1,1,1,2,0
3,1.0,2.0,Age0_F3_m3f3_P3_Y37_UO94,R3_F3_m4f4_P4_Y35_UO129,R3_F3_m4f4_P4_Y34_UO97,FXX,0,0.0,0,0,0.0,0,0,0,0.0,0.4751882553100586,1,P0_CV0,1,1,1,1,1
3,1.0,2.0,Age0_F3_m3f3_P3_Y37_UO95,R3_F3_m4f4_P4_Y35_UO129,R3_F3_m4f4_P4_Y34_UO97,MXY,0,0.0,0,0,0.0,0,0,0,0.0,0.4751882553100586,1,P0_CV0,1,0,2,1,1
3,1.0,2.0,Age0_F3_m3f3_P3_Y37_UO96,R3_F3_m4f4_P4_Y35_UO129,R3_F3_m4f4_P4_Y34_UO97,MXY,0,0.0,0,0,0.0,0,0,0,0.0,0.4751882553100586,1,P0_CV0,1,0,2,1,1
3,1.0,2.0,Age0_F3_m3f3_P3_Y37_UO97,R3_F3_m4f4_P4_Y35_UO129,R3_F3_m4f4_P4_Y34_UO97,MXY,0,0.0,0,0,0.0,0,0,0,0.0,0.4751882553100586,1,P0_CV0,1,1,1,1,1
3,1.0,2.0,Age0_F3_m3f3_P3_Y37_UO98,R3_F3_m4f4_P4_Y35_UO129,R3_F3_m4f4_P4_Y34_UO97,FXX,0,0.0,0,0,0.0,0,0,0,0.0,0.4751882553100586,1,P0_CV0,1,0,2,1,1
3,1.0,2.0,Age0_F3_m3f3_P3_Y37_UO247,R3_F3_m3f3_P3_Y35_UO173,R3_F3_m3f3_P3_Y35_UO113,FXX,0,0.0,0,0,0.0,0,0,0,0.0,0.4699821472167969,1,P0_CV0,1,1,1,0,2
3,1.0,2.0,Age0_F3_m3f3_P3_Y37_UO248,R3_F3_m3f3_P3_Y35_UO173,R3_F3_m3f3_P3_Y35_UO113,MXY,0,0.0,0,0,0.0,0,0,0,0.0,0.4699821472167969,1,P0_CV0,1,1,1,0,2
3,1.0,2.0,Age0_F3_m3f3_P3_Y37_UO251,R3_F3_m3f3_P3_Y35_UO173,R3_F3_m3f3_P3_Y35_UO113,MXY,0,0.0,0,0,0.0,0,0,0,0.0,0.4699821472167969,1,P0_CV0,1,1,1,0,2
3,1.0,2.0,Age0_F3_m3f3_P3_Y37_UO254,R3_F3_m3f3_P3_Y35_UO173,R3_F3_m3f3_P3_Y35_UO113,MXY,0,0.0,0,0,0.0,0,0,0,0.0,0.4699821472167969,1,P0_CV0,1,1,1,0,2
3,1.0,2.0,Age0_F3_m3f3_P3_Y37_UO255,R3_F3_m3f3_P3_Y35_UO173,R3_F3_m3f3_P3_Y35_UO113,MXY,0,0.0,0,0,0.0,0,0,0,0.0,0.4699821472167969,1,P0_CV0,1,1,1,0,2
3,1.0,2.0,Age0_F3_m3f3_P3_Y37_UO257,R3_F3_m1f1_P1_Y35_UO218,R3_F3_m4f4_P4_Y34_UO97,MXY,0,0.0,0,0,0.0,0,0,0,0.0,0.4765901565551758,1,P0_CV0,1,0,2,1,1
3,1.0,2.0,Age0_F3_m3f3_P3_Y37_UO258,R3_F3_m1f1_P1_Y35_UO218,R3_F3_m4f4_P4_Y34_UO97,FXX,0,0.0,0,0,0.0,0,0,0,0.0,0.4765901565551758,1,P0_CV0,1,1,1,2,0
3,1.0,2.0,Age0_F3_m3f3_P3_Y37_UO261,R3_F3_m1f1_P1_Y35_UO218,R3_F3_m4f4_P4_Y34_UO97,MXY,0,0.0,0,0,0.0,0,0,0,0.0,0.4765901565551758,1,P0_CV0,1,0,2,0,2
3,1.0,2.0,R3_F3_m3f3_P3_Y36_UO207,R3_F3_m4f4_P4_Y34_UO157,R3_F3_m1f1_P1_Y34_UO172,FXX,1,0.0,1,1,1.0,0,0,0,-9999.0,0.4760265350341797,1,P0_CV0,1,1,1,1,1
3,1.0,2.0,R3_F3_m3f3_P3_Y36_UO138,R3_F3_m4f4_P4_Y34_UO157,R3_F3_m4f4_P4_Y34_UO264,MXY,1,0.0,1,1,0.0,0,0,0,-9999.0,0.47519969940185547,1,P0_CV0,1,2,0,1,1
3,1.0,2.0,R3_F3_m3f3_P3_Y36_UO228,R3_F3_m4f4_P4_Y34_UO157,R3_F3_m4f4_P4_Y34_UO97,MXY,1,0.0,1,1,0.0,0,0,0,-9999.0,0.4780426025390625,1,P0_CV0,1,1,1,1,1
3,1.0,2.0,R3_F3_m4f4_P4_Y36_UO106,R4_F4_m3f3_P3_Y34_UO94,R4_F4_m3f3_P3_Y34_UO237,FXX,1,0.0,1,1,1.0,0,0,0,-9999.0,0.47567081451416016,1,P0_CV0,1,1,1,2,0
3,1.0,2.0,R3_F3_m3f3_P3_Y36_UO143,R3_F3_m4f4_P4_Y34_UO157,R3_F3_m4f4_P4_Y34_UO264,FXX,1,0.0,1,1,1.0,0,0,0,-9999.0,0.47519969940185547,1,P0_CV0,1,0,2,1,1
3,1.0,2.0,R3_F3_m3f3_P3_Y36_UO232,R3_F3_m4f4_P4_Y34_UO157,R3_F3_m4f4_P4_Y34_UO97,FXX,1,0.0,1,1,1.0,0,0,0,-9999.0,0.4780426025390625,1,P0_CV0,1,0,2,2,0
3,1.0,2.0,R3_F3_m4f4_P4_Y35_UO220,R4_F4_m3f3_P3_Y33_UO197,R4_F4_m4f4_P4_Y30_UO41,FXX,2,0.0,1,0,1.0,0,0,0,-9999.0,0.47460174560546875,1,P0_CV0,1,0,2,1,1
3,1.0,2.0,R3_F3_m3f3_P3_Y35_UO83,R3_F3_m3f3_P3_Y33_UO130,R3_F3_m4f4_P4_Y33_UO187,FXX,2,0.0,1,0,1.0,0,0,0,-9999.0,0.4719085693359375,1,P0_CV0,1,1,1,1,1
3,1.0,2.0,R3_F3_m4f4_P4_Y35_UO93,R4_F4_m3f3_P3_Y33_UO197,R4_F4_m4f4_P4_Y33_UO43,MXY,2,0.0,1,0,0.0,0,0,0,-9999.0,0.4718189239501953,1,P0_CV0,1,1,1,1,1
3,1.0,2.0,R3_F3_m4f4_P4_Y34_UO97,R4_F4_m2f2_P2_Y32_UO85,R4_F4_m3f3_P3_Y32_UO202,MXY,3,0.0,1,0,0.0,0,0,0,-9999.0,0.4777793884277344,1,P0_CV0,1,0,2,1,1
3,1.0,2.0,Age0_F3_m3f3_P3_Y37_UO38,R3_F3_m1f1_P1_Y35_UO153,R3_F3_m4f4_P4_Y35_UO94,FXX,0,0.0,0,0,0.0,0,0,0,0.0,0.47146129608154297,1,P1_CV0,1,0,2,0,2
3,1.0,2.0,Age0_F3_m3f3_P3_Y37_UO39,R3_F3_m1f1_P1_Y35_UO153,R3_F3_m4f4_P4_Y35_UO94,MXY,0,0.0,0,0,0.0,0,0,0,0.0,0.47146129608154297,1,P1_CV0,1,1,1,2,0
3,1.0,2.0,Age0_F3_m3f3_P3_Y37_UO41,R3_F3_m1f1_P1_Y35_UO153,R3_F3_m4f4_P4_Y35_UO94,FXX,0,0.0,0,0,0.0,0,0,0,0.0,0.47146129608154297,1,P1_CV0,1,2,0,0,2
3,1.0,2.0,Age0_F3_m3f3_P3_Y37_UO45,R3_F3_m1f1_P1_Y35_UO153,R3_F3_m4f4_P4_Y35_UO94,MXY,0,0.0,0,0,0.0,0,0,0,0.0,0.47146129608154297,1,P1_CV0,1,1,1,1,1
3,1.0,2.0,Age0_F3_m3f3_P3_Y37_UO47,R3_F3_m1f1_P1_Y35_UO153,R3_F3_m4f4_P4_Y35_UO94,FXX,0,0.0,0,0,0.0,0,0,0,0.0,0.47146129608154297,1,P1_CV0,1,2,0,1,1
3,1.0,2.0,Age0_F3_m3f3_P3_Y37_UO90,R3_F3_m4f4_P4_Y35_UO220,R3_F3_m3f3_P3_Y34_UO115,FXX,0,0.0,0,0,0.0,0,0,0,0.0,0.4733715057373047,1,P1_CV0,1,1,1,1,1
3,1.0,2.0,Age0_F3_m3f3_P3_Y37_UO169,R3_F3_m4f4_P4_Y35_UO196,R3_F3_m4f4_P4_Y35_UO88,MXY,0,0.0,0,0,0.0,0,0,0,0.0,0.4716053009033203,1,P1_CV0,1,1,1,2,0
3,1.0,2.0,Age0_F3_m3f3_P3_Y37_UO170,R3_F3_m4f4_P4_Y35_UO196,R3_F3_m4f4_P4_Y35_UO88,FXX,0,0.0,0,0,0.0,0,0,0,0.0,0.4716053009033203,1,P1_CV0,1,1,1,2,0
3,1.0,2.0,Age0_F3_m3f3_P3_Y37_UO171,R3_F3_m4f4_P4_Y35_UO196,R3_F3_m4f4_P4_Y35_UO88,MXY,0,0.0,0,0,0.0,0,0,0,0.0,0.4716053009033203,1,P1_CV0,1,1,1,2,0
3,1.0,2.0,Age0_F3_m3f3_P3_Y37_UO173,R3_F3_m4f4_P4_Y35_UO196,R3_F3_m4f4_P4_Y35_UO88,MXY,0,0.0,0,0,0.0,0,0,0,0.0,0.4716053009033203,1,P1_CV0,1,1,1,2,0
3,1.0,2.0,Age0_F3_m3f3_P3_Y37_UO235,R3_F3_m1f1_P1_Y35_UO218,R3_F3_m1f1_P1_Y35_UO30,FXX,0,0.0,0,0,0.0,0,0,0,0.0,0.4733133316040039,1,P1_CV0,1,2,0,1,1
3,1.0,2.0,Age0_F3_m3f3_P3_Y37_UO236,R3_F3_m1f1_P1_Y35_UO218,R3_F3_m1f1_P1_Y35_UO30,FXX,0,0.0,0,0,0.0,0,0,0,0.0,0.4733133316040039,1,P1_CV0,1,2,0,0,2
3,1.0,2.0,Age0_F3_m3f3_P3_Y37_UO237,R3_F3_m1f1_P1_Y35_UO218,R3_F3_m1f1_P1_Y35_UO30,MXY,0,0.0,0,0,0.0,0,0,0,0.0,0.4733133316040039,1,P1_CV0,1,1,1,1,1
3,1.0,2.0,Age0_F3_m3f3_P3_Y37_UO238,R3_F3_m1f1_P1_Y35_UO218,R3_F3_m1f1_P1_Y35_UO30,FXX,0,0.0,0,0,0.0,0,0,0,0.0,0.4733133316040039,1,P1_CV0,1,0,2,1,1
3,1.0,2.0,Age0_F3_m3f3_P3_Y37_UO239,R3_F3_m1f1_P1_Y35_UO218,R3_F3_m1f1_P1_Y35_UO30,MXY,0,0.0,0,0,0.0,0,0,0,0.0,0.4733133316040039,1,P1_CV0,1,2,0,0,2
3,1.0,2.0,Age0_F3_m3f3_P3_Y37_UO240,R3_F3_m1f1_P1_Y35_UO218,R3_F3_m1f1_P1_Y35_UO30,FXX,0,0.0,0,0,0.0,0,0,0,0.0,0.4733133316040039,1,P1_CV0,1,1,1,1,1
3,1.0,2.0,Age0_F3_m3f3_P3_Y37_UO249,R3_F3_m3f3_P3_Y35_UO173,R3_F3_m3f3_P3_Y35_UO113,MXY,0,0.0,0,0,0.0,0,0,0,0.0,0.4699821472167969,1,P1_CV0,1,1,1,0,2
3,1.0,2.0,Age0_F3_m3f3_P3_Y37_UO250,R3_F3_m3f3_P3_Y35_UO173,R3_F3_m3f3_P3_Y35_UO113,FXX,0,0.0,0,0,0.0,0,0,0,0.0,0.4699821472167969,1,P1_CV0,1,1,1,0,2
3,1.0,2.0,Age0_F3_m3f3_P3_Y37_UO252,R3_F3_m3f3_P3_Y35_UO173,R3_F3_m3f3_P3_Y35_UO113,MXY,0,0.0,0,0,0.0,0,0,0,0.0,0.4699821472167969,1,P1_CV0,1,1,1,0,2
3,1.0,2.0,Age0_F3_m3f3_P3_Y37_UO253,R3_F3_m3f3_P3_Y35_UO173,R3_F3_m3f3_P3_Y35_UO113,MXY,0,0.0,0,0,0.0,0,0,0,0.0,0.4699821472167969,1,P1_CV0,1,1,1,0,2
3,1.0,2.0,Age0_F3_m3f3_P3_Y37_UO259,R3_F3_m1f1_P1_Y35_UO218,R3_F3_m4f4_P4_Y34_UO97,FXX,0,0.0,0,0,0.0,0,0,0,0.0,0.4765901565551758,1,P1_CV0,1,0,2,0,2
3,1.0,2.0,Age0_F3_m3f3_P3_Y37_UO260,R3_F3_m1f1_P1_Y35_UO218,R3_F3_m4f4_P4_Y34_UO97,MXY,0,0.0,0,0,0.0,0,0,0,0.0,0.4765901565551758,1,P1_CV0,1,0,2,0,2
3,1.0,2.0,Age0_F3_m3f3_P3_Y37_UO263,R3_F3_m4f4_P4_Y35_UO190,R3_F3_m4f4_P4_Y35_UO94,FXX,0,0.0,0,0,0.0,0,0,0,0.0,0.4715099334716797,1,P1_CV0,1,1,1,0,2
3,1.0,2.0,Age0_F3_m3f3_P3_Y37_UO266,R3_F3_m4f4_P4_Y35_UO190,R3_F3_m4f4_P4_Y35_UO94,MXY,0,0.0,0,0,0.0,0,0,0,0.0,0.4715099334716797,1,P1_CV0,1,2,0,0,2
3,1.0,2.0,Age0_F3_m3f3_P3_Y37_UO267,R3_F3_m4f4_P4_Y35_UO190,R3_F3_m4f4_P4_Y35_UO94,MXY,0,0.0,0,0,0.0,0,0,0,0.0,0.4715099334716797,1,P1_CV0,1,0,2,0,2
3,1.0,2.0,Age0_F3_m3f3_P3_Y37_UO268,R3_F3_m4f4_P4_Y35_UO190,R3_F3_m4f4_P4_Y35_UO94,FXX,0,0.0,0,0,0.0,0,0,0,0.0,0.4715099334716797,1,P1_CV0,1,2,0,0,2
3,1.0,2.0,Age0_F3_m3f3_P3_Y37_UO272,R3_F3_m4f4_P4_Y35_UO190,R3_F3_m4f4_P4_Y35_UO94,MXY,0,0.0,0,0,0.0,0,0,0,0.0,0.4715099334716797,1,P1_CV0,1,0,2,0,2
3,1.0,2.0,Age0_F3_m3f3_P3_Y37_UO273,R3_F3_m4f4_P4_Y35_UO190,R3_F3_m4f4_P4_Y35_UO94,FXX,0,0.0,0,0,0.0,0,0,0,0.0,0.4715099334716797,1,P1_CV0,1,1,1,0,2
3,1.0,2.0,R3_F3_m4f4_P4_Y36_UO130,R4_F4_m2f2_P2_Y34_UO196,R4_F4_m4f4_P4_Y34_UO67,MXY,1,0.0,1,1,0.0,0,0,0,-9999.0,0.47356224060058594,1,P1_CV0,1,1,1,2,0
3,1.0,2.0,R3_F3_m4f4_P4_Y36_UO133,R4_F4_m2f2_P2_Y34_UO196,R4_F4_m4f4_P4_Y34_UO67,FXX,1,0.0,1,1,1.0,0,0,0,-9999.0,0.47356224060058594,1,P1_CV0,1,1,1,1,1
3,1.0,2.0,R3_F3_m1f1_P1_Y36_UO200,R1_F1_m2f2_P2_Y34_UO271,R1_F1_m1f1_P1_Y34_UO111,FXX,1,0.0,1,1,1.0,0,0,0,-9999.0,0.47829246520996094,1,P1_CV0,1,0,2,2,0
3,1.0,2.0,R3_F3_m1f1_P1_Y36_UO201,R1_F1_m2f2_P2_Y34_UO271,R1_F1_m1f1_P1_Y34_UO111,MXY,1,0.0,1,1,0.0,0,0,0,-9999.0,0.47829246520996094,1,P1_CV0,1,0,2,1,1
3,1.0,2.0,R3_F3_m1f1_P1_Y36_UO63,R1_F1_m1f1_P1_Y34_UO42,R1_F1_m1f1_P1_Y32_UO80,MXY,1,0.0,1,1,0.0,0,0,0,-9999.0,0.47577953338623047,1,P1_CV0,1,0,2,0,2
3,1.0,2.0,R3_F3_m4f4_P4_Y36_UO243,R4_F4_m2f2_P2_Y34_UO196,R4_F4_m4f4_P4_Y34_UO67,MXY,1,0.0,1,1,0.0,0,0,0,-9999.0,0.47356224060058594,1,P1_CV0,1,1,1,1,1
3,1.0,2.0,R3_F3_m4f4_P4_Y35_UO196,R4_F4_m2f2_P2_Y33_UO244,R4_F4_m2f2_P2_Y33_UO10,FXX,2,0.0,1,0,1.0,0,0,0,-9999.0,0.47280120849609375,1,P1_CV0,1,2,0,2,0
3,1.0,2.0,Age0_F3_m3f3_P3_Y37_UO40,R3_F3_m1f1_P1_Y35_UO153,R3_F3_m4f4_P4_Y35_UO94,MXY,0,0.0,0,0,0.0,0,0,0,0.0,0.47146129608154297,1,P2_CV0,1,0,2,2,0
3,1.0,2.0,Age0_F3_m3f3_P3_Y37_UO42,R3_F3_m1f1_P1_Y35_UO153,R3_F3_m4f4_P4_Y35_UO94,MXY,0,0.0,0,0,0.0,0,0,0,0.0,0.47146129608154297,1,P2_CV0,1,2,0,1,1
3,1.0,2.0,Age0_F3_m3f3_P3_Y37_UO43,R3_F3_m1f1_P1_Y35_UO153,R3_F3_m4f4_P4_Y35_UO94,MXY,0,0.0,0,0,0.0,0,0,0,0.0,0.47146129608154297,1,P2_CV0,1,2,0,1,1
3,1.0,2.0,Age0_F3_m3f3_P3_Y37_UO44,R3_F3_m1f1_P1_Y35_UO153,R3_F3_m4f4_P4_Y35_UO94,MXY,0,0.0,0,0,0.0,0,0,0,0.0,0.47146129608154297,1,P2_CV0,1,2,0,0,2
3,1.0,2.0,Age0_F3_m3f3_P3_Y37_UO46,R3_F3_m1f1_P1_Y35_UO153,R3_F3_m4f4_P4_Y35_UO94,MXY,0,0.0,0,0,0.0,0,0,0,0.0,0.47146129608154297,1,P2_CV0,1,1,1,2,0
3,1.0,2.0,Age0_F3_m3f3_P3_Y37_UO168,R3_F3_m4f4_P4_Y35_UO196,R3_F3_m4f4_P4_Y35_UO88,FXX,0,0.0,0,0,0.0,0,0,0,0.0,0.4716053009033203,1,P2_CV0,1,1,1,2,0
3,1.0,2.0,Age0_F3_m3f3_P3_Y37_UO172,R3_F3_m4f4_P4_Y35_UO196,R3_F3_m4f4_P4_Y35_UO88,MXY,0,0.0,0,0,0.0,0,0,0,0.0,0.4716053009033203,1,P2_CV0,1,1,1,2,0
3,1.0,2.0,Age0_F3_m3f3_P3_Y37_UO177,R3_F3_m4f4_P4_Y35_UO191,R3_F3_m4f4_P4_Y35_UO88,MXY,0,0.0,0,0,0.0,0,0,0,0.0,0.47080516815185547,1,P2_CV0,1,1,1,2,0
3,1.0,2.0,Age0_F3_m3f3_P3_Y37_UO178,R3_F3_m4f4_P4_Y35_UO191,R3_F3_m4f4_P4_Y35_UO88,MXY,0,0.0,0,0,0.0,0,0,0,0.0,0.47080516815185547,1,P2_CV0,1,1,1,2,0
3,1.0,2.0,Age0_F3_m3f3_P3_Y37_UO179,R3_F3_m4f4_P4_Y35_UO191,R3_F3_m4f4_P4_Y35_UO88,MXY,0,0.0,0,0,0.0,0,0,0,0.0,0.47080516815185547,1,P2_CV0,1,0,2,2,0
3,1.0,2.0,Age0_F3_m3f3_P3_Y37_UO180,R3_F3_m4f4_P4_Y35_UO191,R3_F3_m4f4_P4_Y35_UO88,MXY,0,0.0,0,0,0.0,0,0,0,0.0,0.47080516815185547,1,P2_CV0,1,1,1,2,0
3,1.0,2.0,Age0_F3_m3f3_P3_Y37_UO181,R3_F3_m4f4_P4_Y35_UO191,R3_F3_m4f4_P4_Y35_UO88,MXY,0,0.0,0,0,0.0,0,0,0,0.0,0.47080516815185547,1,P2_CV0,1,1,1,2,0
3,1.0,2.0,Age0_F3_m3f3_P3_Y37_UO182,R3_F3_m4f4_P4_Y35_UO191,R3_F3_m4f4_P4_Y35_UO88,MXY,0,0.0,0,0,0.0,0,0,0,0.0,0.47080516815185547,1,P2_CV0,1,1,1,2,0
3,1.0,2.0,Age0_F3_m3f3_P3_Y37_UO183,R3_F3_m4f4_P4_Y35_UO191,R3_F3_m4f4_P4_Y35_UO88,MXY,0,0.0,0,0,0.0,0,0,0,0.0,0.47080516815185547,1,P2_CV0,1,1,1,2,0
3,1.0,2.0,Age0_F3_m3f3_P3_Y37_UO184,R3_F3_m4f4_P4_Y35_UO191,R3_F3_m4f4_P4_Y35_UO88,FXX,0,0.0,0,0,0.0,0,0,0,0.0,0.47080516815185547,1,P2_CV0,1,0,2,2,0
3,1.0,2.0,Age0_F3_m3f3_P3_Y37_UO185,R3_F3_m4f4_P4_Y35_UO191,R3_F3_m4f4_P4_Y35_UO88,FXX,0,0.0,0,0,0.0,0,0,0,0.0,0.47080516815185547,1,P2_CV0,1,0,2,2,0
3,1.0,2.0,Age0_F3_m3f3_P3_Y37_UO262,R3_F3_m4f4_P4_Y35_UO190,R3_F3_m4f4_P4_Y35_UO94,MXY,0,0.0,0,0,0.0,0,0,0,0.0,0.4715099334716797,1,P2_CV0,1,1,1,2,0
3,1.0,2.0,Age0_F3_m3f3_P3_Y37_UO264,R3_F3_m4f4_P4_Y35_UO190,R3_F3_m4f4_P4_Y35_UO94,MXY,0,0.0,0,0,0.0,0,0,0,0.0,0.4715099334716797,1,P2_CV0,1,1,1,1,1
3,1.0,2.0,Age0_F3_m3f3_P3_Y37_UO265,R3_F3_m4f4_P4_Y35_UO190,R3_F3_m4f4_P4_Y35_UO94,FXX,0,0.0,0,0,0.0,0,0,0,0.0,0.4715099334716797,1,P2_CV0,1,0,2,2,0
3,1.0,2.0,Age0_F3_m3f3_P3_Y37_UO269,R3_F3_m4f4_P4_Y35_UO190,R3_F3_m4f4_P4_Y35_UO94,MXY,0,0.0,0,0,0.0,0,0,0,0.0,0.4715099334716797,1,P2_CV0,1,2,0,0,2
3,1.0,2.0,Age0_F3_m3f3_P3_Y37_UO270,R3_F3_m4f4_P4_Y35_UO190,R3_F3_m4f4_P4_Y35_UO94,MXY,0,0.0,0,0,0.0,0,0,0,0.0,0.4715099334716797,1,P2_CV0,1,1,1,1,1
3,1.0,2.0,Age0_F3_m3f3_P3_Y37_UO271,R3_F3_m4f4_P4_Y35_UO190,R3_F3_m4f4_P4_Y35_UO94,FXX,0,0.0,0,0,0.0,0,0,0,0.0,0.4715099334716797,1,P2_CV0,1,2,0,0,2
3,1.0,2.0,R3_F3_m3f3_P3_Y36_UO86,R3_F3_m4f4_P4_Y34_UO259,R3_F3_m4f4_P4_Y34_UO253,MXY,1,0.0,1,1,0.0,0,0,0,-9999.0,0.47472572326660156,1,P2_CV0,1,0,2,0,2
3,1.0,2.0,R3_F3_m1f1_P1_Y36_UO94,R1_F1_m2f2_P2_Y34_UO62,R1_F1_m1f1_P1_Y32_UO80,MXY,1,0.0,1,1,0.0,0,0,0,-9999.0,0.4750823974609375,1,P2_CV0,1,2,0,1,1
3,1.0,2.0,R3_F3_m1f1_P1_Y36_UO18,R1_F1_m3f3_P3_Y34_UO35,R1_F1_m2f2_P2_Y34_UO19,MXY,1,0.0,1,1,0.0,0,0,0,-9999.0,0.4761676788330078,1,P2_CV0,1,1,1,1,1
3,1.0,2.0,R3_F3_m1f1_P1_Y36_UO114,R1_F1_m2f2_P2_Y34_UO62,R1_F1_m3f3_P3_Y34_UO234,MXY,1,0.0,1,1,0.0,0,0,0,-9999.0,0.47670459747314453,1,P2_CV0,1,1,1,1,1
3,1.0,2.0,R3_F3_m1f1_P1_Y36_UO97,R1_F1_m2f2_P2_Y34_UO62,R1_F1_m1f1_P1_Y32_UO80,MXY,1,0.0,1,1,0.0,0,0,0,-9999.0,0.4750823974609375,1,P2_CV0,1,2,0,1,1
3,1.0,2.0,R3_F3_m4f4_P4_Y36_UO22,R4_F4_m4f4_P4_Y34_UO199,R4_F4_m3f3_P3_Y34_UO243,FXX,1,0.0,1,1,1.0,0,0,0,-9999.0,0.4772834777832031,1,P2_CV0,1,1,1,1,1
3,1.0,2.0,R3_F3_m4f4_P4_Y36_UO75,R4_F4_m2f2_P2_Y34_UO181,R4_F4_m2f2_P2_Y34_UO184,FXX,1,0.0,1,1,1.0,0,0,0,-9999.0,0.47655487060546875,1,P2_CV0,1,0,2,2,0
3,1.0,2.0,R3_F3_m3f3_P3_Y36_UO222,R3_F3_m1f1_P1_Y34_UO251,R3_F3_m4f4_P4_Y34_UO264,FXX,1,0.0,1,1,1.0,0,0,0,-9999.0,0.47478294372558594,1,P2_CV0,1,1,1,1,1
3,1.0,2.0,R3_F3_m1f1_P1_Y36_UO98,R1_F1_m2f2_P2_Y34_UO62,R1_F1_m1f1_P1_Y32_UO80,MXY,1,0.0,1,1,0.0,0,0,0,-9999.0,0.4750823974609375,1,P2_CV0,1,0,2,1,1
3,1.0,2.0,R3_F3_m1f1_P1_Y36_UO203,R1_F1_m2f2_P2_Y34_UO271,R1_F1_m1f1_P1_Y34_UO111,FXX,1,0.0,1,1,1.0,0,0,0,-9999.0,0.47829246520996094,1,P2_CV0,1,0,2,2,0
3,1.0,2.0,R3_F3_m1f1_P1_Y36_UO79,R1_F1_m2f2_P2_Y34_UO20,R1_F1_m1f1_P1_Y34_UO185,MXY,1,0.0,1,1,0.0,0,0,0,-9999.0,0.47812843322753906,1,P2_CV0,1,0,2,1,1
3,1.0,2.0,R3_F3_m1f1_P1_Y36_UO7,R1_F1_m3f3_P3_Y34_UO212,R1_F1_m3f3_P3_Y34_UO147,FXX,1,0.0,1,1,1.0,0,0,0,-9999.0,0.47388553619384766,1,P2_CV0,1,1,1,1,1
3,1.0,2.0,R3_F3_m4f4_P4_Y35_UO88,R4_F4_m3f3_P3_Y33_UO260,R4_F4_m2f2_P2_Y33_UO37,MXY,2,0.0,1,0,0.0,0,0,0,-9999.0,0.4704093933105469,1,P2_CV0,1,0,2,2,0
3,1.0,2.0,R3_F3_m1f1_P1_Y35_UO153,R1_F1_m3f3_P3_Y33_UO251,R1_F1_m3f3_P3_Y33_UO121,FXX,2,0.0,1,0,1.0,0,0,0,-9999.0,0.4711036682128906,1,P2_CV0,1,1,1,1,1
3,1.0,2.0,R3_F3_m4f4_P4_Y34_UO126,R4_F4_m4f4_P4_Y32_UO101,R4_F4_m4f4_P4_Y32_UO37,FXX,3,0.0,1,0,1.0,0,0,0,-9999.0,0.4762916564941406,1,P2_CV0,1,1,1,0,2
3,1.0,2.0,R3_F3_m4f4_P4_Y34_UO122,R4_F4_m4f4_P4_Y32_UO101,R4_F4_m4f4_P4_Y32_UO37,MXY,3,0.0,1,0,0.0,0,0,0,-9999.0,0.4762916564941406,1,P2_CV0,1,1,1,0,2
4,2.0,2.0,Age0_F4_m4f4_P4_Y37_UO13,R4_F4_m3f3_P3_Y35_UO112,R4_F4_m4f4_P4_Y35_UO221,FXX,0,0.0,0,0,0.0,0,0,0,0.0,0.4720134735107422,1,P0_CV0,1,2,0,2,0
4,2.0,2.0,Age0_F4_m4f4_P4_Y37_UO159,R4_F4_m4f4_P4_Y35_UO219,R4_F4_m4f4_P4_Y35_UO20,FXX,0,0.0,0,0,0.0,0,0,0,0.0,0.47352123260498047,1,P0_CV0,1,0,2,1,1
4,2.0,2.0,Age0_F4_m4f4_P4_Y37_UO243,R4_F4_m4f4_P4_Y35_UO41,R4_F4_m3f3_P3_Y35_UO105,MXY,0,0.0,0,0,0.0,0,0,0,0.0,0.47069549560546875,1,P0_CV0,1,2,0,2,0
4,2.0,2.0,Age0_F4_m4f4_P4_Y37_UO245,R4_F4_m4f4_P4_Y35_UO41,R4_F4_m3f3_P3_Y35_UO105,MXY,0,0.0,0,0,0.0,0,0,0,0.0,0.47069549560546875,1,P0_CV0,1,1,1,2,0
4,2.0,2.0,Age0_F4_m4f4_P4_Y37_UO246,R4_F4_m4f4_P4_Y35_UO41,R4_F4_m3f3_P3_Y35_UO105,MXY,0,0.0,0,0,0.0,0,0,0,0.0,0.47069549560546875,1,P0_CV0,1,2,0,2,0
4,2.0,2.0,R4_F4_m3f3_P3_Y36_UO153,R3_F3_m3f3_P3_Y34_UO238,R3_F3_m4f4_P4_Y33_UO187,MXY,1,0.0,1,1,0.0,0,0,0,-9999.0,0.4734315872192383,1,P0_CV0,1,1,1,0,2
4,2.0,2.0,R4_F4_m4f4_P4_Y36_UO116,R4_F4_m4f4_P4_Y34_UO98,R4_F4_m4f4_P4_Y34_UO67,FXX,1,0.0,1,1,1.0,0,0,0,-9999.0,0.47530460357666016,1,P0_CV0,1,0,2,1,1
4,2.0,2.0,Age0_F4_m4f4_P4_Y37_UO12,R4_F4_m3f3_P3_Y35_UO112,R4_F4_m4f4_P4_Y35_UO221,FXX,0,0.0,0,0,0.0,0,0,0,0.0,0.4720134735107422,1,P1_CV0,1,2,0,2,0
4,2.0,2.0,Age0_F4_m4f4_P4_Y37_UO14,R4_F4_m3f3_P3_Y35_UO112,R4_F4_m4f4_P4_Y35_UO221,FXX,0,0.0,0,0,0.0,0,0,0,0.0,0.4720134735107422,1,P1_CV0,1,2,0,2,0
4,2.0,2.0,Age0_F4_m4f4_P4_Y37_UO50,R4_F4_m3f3_P3_Y35_UO112,R4_F4_m4f4_P4_Y35_UO37,FXX,0,0.0,0,0,0.0,0,0,0,0.0,0.4705181121826172,1,P1_CV0,1,2,0,1,1
4,2.0,2.0,Age0_F4_m4f4_P4_Y37_UO52,R4_F4_m3f3_P3_Y35_UO112,R4_F4_m4f4_P4_Y35_UO37,FXX,0,0.0,0,0,0.0,0,0,0,0.0,0.4705181121826172,1,P1_CV0,1,2,0,1,1
4,2.0,2.0,Age0_F4_m4f4_P4_Y37_UO80,R4_F4_m2f2_P2_Y35_UO254,R4_F4_m3f3_P3_Y35_UO62,FXX,0,0.0,0,0,0.0,0,0,0,0.0,0.46987056732177734,1,P1_CV0,1,1,1,2,0
4,2.0,2.0,Age0_F4_m4f4_P4_Y37_UO85,R4_F4_m3f3_P3_Y35_UO75,R4_F4_m2f2_P2_Y35_UO241,MXY,0,0.0,0,0,0.0,0,0,0,0.0,0.47057247161865234,1,P1_CV0,1,2,0,1,1
4,2.0,2.0,Age0_F4_m4f4_P4_Y37_UO86,R4_F4_m3f3_P3_Y35_UO75,R4_F4_m2f2_P2_Y35_UO241,FXX,0,0.0,0,0,0.0,0,0,0,0.0,0.47057247161865234,1,P1_CV0,1,2,0,1,1
4,2.0,2.0,Age0_F4_m4f4_P4_Y37_UO87,R4_F4_m3f3_P3_Y35_UO75,R4_F4_m2f2_P2_Y35_UO241,FXX,0,0.0,0,0,0.0,0,0,0,0.0,0.47057247161865234,1,P1_CV0,1,2,0,0,2
4,2.0,2.0,Age0_F4_m4f4_P4_Y37_UO88,R4_F4_m3f3_P3_Y35_UO75,R4_F4_m2f2_P2_Y35_UO241,FXX,0,0.0,0,0,0.0,0,0,0,0.0,0.47057247161865234,1,P1_CV0,1,2,0,1,1
4,2.0,2.0,Age0_F4_m4f4_P4_Y37_UO110,R4_F4_m2f2_P2_Y35_UO65,R4_F4_m2f2_P2_Y35_UO16,MXY,0,0.0,0,0,0.0,0,0,0,0.0,0.4712533950805664,1,P1_CV0,1,1,1,2,0
4,2.0,2.0,Age0_F4_m4f4_P4_Y37_UO111,R4_F4_m2f2_P2_Y35_UO65,R4_F4_m2f2_P2_Y35_UO16,FXX,0,0.0,0,0,0.0,0,0,0,0.0,0.4712533950805664,1,P1_CV0,1,1,1,2,0
4,2.0,2.0,Age0_F4_m4f4_P4_Y37_UO112,R4_F4_m2f2_P2_Y35_UO65,R4_F4_m2f2_P2_Y35_UO16,FXX,0,0.0,0,0,0.0,0,0,0,0.0,0.4712533950805664,1,P1_CV0,1,1,1,2,0
4,2.0,2.0,Age0_F4_m4f4_P4_Y37_UO113,R4_F4_m2f2_P2_Y35_UO65,R4_F4_m2f2_P2_Y35_UO16,FXX,0,0.0,0,0,0.0,0,0,0,0.0,0.4712533950805664,1,P1_CV0,1,2,0,2,0
4,2.0,2.0,Age0_F4_m4f4_P4_Y37_UO118,R4_F4_m2f2_P2_Y35_UO1,R4_F4_m4f4_P4_Y35_UO267,MXY,0,0.0,0,0,0.0,0,0,0,0.0,0.4729328155517578,1,P1_CV0,1,1,1,2,0
4,2.0,2.0,Age0_F4_m4f4_P4_Y37_UO120,R4_F4_m2f2_P2_Y35_UO1,R4_F4_m4f4_P4_Y35_UO267,FXX,0,0.0,0,0,0.0,0,0,0,0.0,0.4729328155517578,1,P1_CV0,1,0,2,1,1
4,2.0,2.0,Age0_F4_m4f4_P4_Y37_UO121,R4_F4_m2f2_P2_Y35_UO1,R4_F4_m4f4_P4_Y35_UO267,MXY,0,0.0,0,0,0.0,0,0,0,0.0,0.4729328155517578,1,P1_CV0,1,0,2,2,0
4,2.0,2.0,Age0_F4_m4f4_P4_Y37_UO142,R4_F4_m4f4_P4_Y35_UO41,R4_F4_m4f4_P4_Y35_UO262,MXY,0,0.0,0,0,0.0,0,0,0,0.0,0.4720935821533203,1,P1_CV0,1,1,1,1,1
4,2.0,2.0,Age0_F4_m4f4_P4_Y37_UO143,R4_F4_m4f4_P4_Y35_UO41,R4_F4_m4f4_P4_Y35_UO262,MXY,0,0.0,0,0,0.0,0,0,0,0.0,0.4720935821533203,1,P1_CV0,1,2,0,2,0
4,2.0,2.0,Age0_F4_m4f4_P4_Y37_UO160,R4_F4_m4f4_P4_Y35_UO197,R4_F4_m2f2_P2_Y35_UO244,FXX,0,0.0,0,0,0.0,0,0,0,0.0,0.47119998931884766,1,P1_CV0,1,1,1,1,1
4,2.0,2.0,Age0_F4_m4f4_P4_Y37_UO161,R4_F4_m4f4_P4_Y35_UO197,R4_F4_m2f2_P2_Y35_UO244,FXX,0,0.0,0,0,0.0,0,0,0,0.0,0.47119998931884766,1,P1_CV0,1,2,0,1,1
4,2.0,2.0,Age0_F4_m4f4_P4_Y37_UO162,R4_F4_m4f4_P4_Y35_UO197,R4_F4_m2f2_P2_Y35_UO244,FXX,0,0.0,0,0,0.0,0,0,0,0.0,0.47119998931884766,1,P1_CV0,1,1,1,1,1
4,2.0,2.0,Age0_F4_m4f4_P4_Y37_UO163,R4_F4_m2f2_P2_Y35_UO2,R4_F4_m2f2_P2_Y35_UO140,FXX,0,0.0,0,0,0.0,0,0,0,0.0,0.4744691848754883,1,P1_CV0,1,0,2,2,0
4,2.0,2.0,Age0_F4_m4f4_P4_Y37_UO164,R4_F4_m2f2_P2_Y35_UO2,R4_F4_m2f2_P2_Y35_UO140,FXX,0,0.0,0,0,0.0,0,0,0,0.0,0.4744691848754883,1,P1_CV0,1,1,1,1,1
4,2.0,2.0,Age0_F4_m4f4_P4_Y37_UO165,R4_F4_m2f2_P2_Y35_UO2,R4_F4_m2f2_P2_Y35_UO140,MXY,0,0.0,0,0,0.0,0,0,0,0.0,0.4744691848754883,1,P1_CV0,1,1,1,2,0
4,2.0,2.0,Age0_F4_m4f4_P4_Y37_UO174,R4_F4_m4f4_P4_Y35_UO263,R4_F4_m3f3_P3_Y34_UO116,MXY,0,0.0,0,0,0.0,0,0,0,0.0,0.4723014831542969,1,P1_CV0,1,1,1,1,1
4,2.0,2.0,Age0_F4_m4f4_P4_Y37_UO175,R4_F4_m4f4_P4_Y35_UO263,R4_F4_m3f3_P3_Y34_UO116,MXY,0,0.0,0,0,0.0,0,0,0,0.0,0.4723014831542969,1,P1_CV0,1,1,1,1,1
4,2.0,2.0,Age0_F4_m4f4_P4_Y37_UO176,R4_F4_m4f4_P4_Y35_UO263,R4_F4_m3f3_P3_Y34_UO116,FXX,0,0.0,0,0,0.0,0,0,0,0.0,0.4723014831542969,1,P1_CV0,1,2,0,1,1
4,2.0,2.0,Age0_F4_m4f4_P4_Y37_UO232,R4_F4_m3f3_P3_Y35_UO112,R4_F4_m3f3_P3_Y35_UO207,MXY,0,0.0,0,0,0.0,0,0,0,0.0,0.4709358215332031,1,P1_CV0,1,1,1,2,0
4,2.0,2.0,Age0_F4_m4f4_P4_Y37_UO234,R4_F4_m3f3_P3_Y35_UO112,R4_F4_m3f3_P3_Y35_UO207,MXY,0,0.0,0,0,0.0,0,0,0,0.0,0.4709358215332031,1,P1_CV0,1,1,1,1,1
4,2.0,2.0,Age0_F4_m4f4_P4_Y37_UO241,R4_F4_m4f4_P4_Y35_UO41,R4_F4_m3f3_P3_Y35_UO105,MXY,0,0.0,0,0,0.0,0,0,0,0.0,0.47069549560546875,1,P1_CV0,1,1,1,1,1
4,2.0,2.0,Age0_F4_m4f4_P4_Y37_UO242,R4_F4_m4f4_P4_Y35_UO41,R4_F4_m3f3_P3_Y35_UO105,MXY,0,0.0,0,0,0.0,0,0,0,0.0,0.47069549560546875,1,P1_CV0,1,2,0,1,1
4,2.0,2.0,Age0_F4_m4f4_P4_Y37_UO244,R4_F4_m4f4_P4_Y35_UO41,R4_F4_m3f3_P3_Y35_UO105,FXX,0,0.0,0,0,0.0,0,0,0,0.0,0.47069549560546875,1,P1_CV0,1,2,0,2,0
4,2.0,2.0,Age0_F4_m4f4_P4_Y37_UO256,R4_F4_m3f3_P3_Y35_UO112,R4_F4_m2f2_P2_Y35_UO241,FXX,0,0.0,0,0,0.0,0,0,0,0.0,0.4695119857788086,1,P1_CV0,1,2,0,2,0
4,2.0,2.0,Age0_F4_m4f4_P4_Y37_UO274,R4_F4_m2f2_P2_Y35_UO1,R4_F4_m3f3_P3_Y35_UO114,MXY,0,0.0,0,0,0.0,0,0,0,0.0,0.4722433090209961,1,P1_CV0,1,0,2,1,1
4,2.0,2.0,Age0_F4_m4f4_P4_Y37_UO275,R4_F4_m2f2_P2_Y35_UO1,R4_F4_m3f3_P3_Y35_UO114,MXY,0,0.0,0,0,0.0,0,0,0,0.0,0.4722433090209961,1,P1_CV0,1,1,1,1,1
4,2.0,2.0,Age0_F4_m4f4_P4_Y37_UO276,R4_F4_m2f2_P2_Y35_UO1,R4_F4_m3f3_P3_Y35_UO114,MXY,0,0.0,0,0,0.0,0,0,0,0.0,0.4722433090209961,1,P1_CV0,1,0,2,1,1
4,2.0,2.0,Age0_F4_m4f4_P4_Y37_UO277,R4_F4_m2f2_P2_Y35_UO1,R4_F4_m3f3_P3_Y35_UO114,FXX,0,0.0,0,0,0.0,0,0,0,0.0,0.4722433090209961,1,P1_CV0,1,1,1,1,1
4,2.0,2.0,R4_F4_m4f4_P4_Y36_UO250,R4_F4_m2f2_P2_Y34_UO196,R4_F4_m4f4_P4_Y34_UO67,FXX,1,0.0,1,1,1.0,0,0,0,-9999.0,0.47356224060058594,1,P1_CV0,1,1,1,1,1
4,2.0,2.0,R4_F4_m4f4_P4_Y36_UO252,R4_F4_m2f2_P2_Y34_UO196,R4_F4_m4f4_P4_Y34_UO67,MXY,1,0.0,1,1,0.0,0,0,0,-9999.0,0.47356224060058594,1,P1_CV0,1,1,1,0,2
4,2.0,2.0,R4_F4_m4f4_P4_Y36_UO251,R4_F4_m2f2_P2_Y34_UO196,R4_F4_m4f4_P4_Y34_UO67,FXX,1,0.0,1,1,1.0,0,0,0,-9999.0,0.47356224060058594,1,P1_CV0,1,1,1,1,1
4,2.0,2.0,R4_F4_m3f3_P3_Y36_UO215,R3_F3_m4f4_P4_Y34_UO96,R3_F3_m4f4_P4_Y34_UO253,FXX,1,0.0,1,1,1.0,0,0,0,-9999.0,0.4775686264038086,1,P1_CV0,1,0,2,0,2
4,2.0,2.0,R4_F4_m2f2_P2_Y35_UO0,R2_F2_m2f2_P2_Y33_UO15,R2_F2_m2f2_P2_Y33_UO57,MXY,2,0.0,1,0,0.0,0,0,0,-9999.0,0.47506141662597656,1,P1_CV0,1,0,2,0,2
4,2.0,2.0,R4_F4_m4f4_P4_Y35_UO262,R4_F4_m4f4_P4_Y33_UO191,R4_F4_m2f2_P2_Y33_UO10,MXY,2,0.0,1,0,0.0,0,0,0,-9999.0,0.4724617004394531,1,P1_CV0,1,2,0,1,1
4,2.0,2.0,R4_F4_m2f2_P2_Y35_UO254,R2_F2_m4f4_P4_Y33_UO142,R2_F2_m2f2_P2_Y33_UO68,FXX,2,0.0,1,0,1.0,0,0,0,-9999.0,0.46959877014160156,1,P1_CV0,1,2,0,1,1
4,2.0,2.0,R4_F4_m3f3_P3_Y35_UO112,R3_F3_m4f4_P4_Y33_UO44,R3_F3_m4f4_P4_Y33_UO187,FXX,2,0.0,1,0,1.0,0,0,0,-9999.0,0.4694252014160156,1,P1_CV0,1,2,0,2,0
4,2.0,2.0,Age0_F4_m4f4_P4_Y37_UO5,R4_F4_m2f2_P2_Y35_UO103,R4_F4_m4f4_P4_Y35_UO37,FXX,0,0.0,0,0,0.0,0,0,0,0.0,0.4723215103149414,1,P2_CV0,1,0,2,1,1
4,2.0,2.0,Age0_F4_m4f4_P4_Y37_UO6,R4_F4_m2f2_P2_Y35_UO103,R4_F4_m4f4_P4_Y35_UO37,MXY,0,0.0,0,0,0.0,0,0,0,0.0,0.4723215103149414,1,P2_CV0,1,0,2,1,1
4,2.0,2.0,Age0_F4_m4f4_P4_Y37_UO7,R4_F4_m2f2_P2_Y35_UO103,R4_F4_m4f4_P4_Y35_UO37,MXY,0,0.0,0,0,0.0,0,0,0,0.0,0.4723215103149414,1,P2_CV0,1,1,1,1,1
4,2.0,2.0,Age0_F4_m4f4_P4_Y37_UO8,R4_F4_m2f2_P2_Y35_UO103,R4_F4_m4f4_P4_Y35_UO37,FXX,0,0.0,0,0,0.0,0,0,0,0.0,0.4723215103149414,1,P2_CV0,1,0,2,0,2
4,2.0,2.0,Age0_F4_m4f4_P4_Y37_UO9,R4_F4_m2f2_P2_Y35_UO103,R4_F4_m4f4_P4_Y35_UO37,MXY,0,0.0,0,0,0.0,0,0,0,0.0,0.4723215103149414,1,P2_CV0,1,0,2,1,1
4,2.0,2.0,Age0_F4_m4f4_P4_Y37_UO10,R4_F4_m2f2_P2_Y35_UO103,R4_F4_m4f4_P4_Y35_UO37,FXX,0,0.0,0,0,0.0,0,0,0,0.0,0.4723215103149414,1,P2_CV0,1,0,2,0,2
4,2.0,2.0,Age0_F4_m4f4_P4_Y37_UO11,R4_F4_m2f2_P2_Y35_UO103,R4_F4_m4f4_P4_Y35_UO37,MXY,0,0.0,0,0,0.0,0,0,0,0.0,0.4723215103149414,1,P2_CV0,1,0,2,0,2
4,2.0,2.0,Age0_F4_m4f4_P4_Y37_UO48,R4_F4_m3f3_P3_Y35_UO112,R4_F4_m4f4_P4_Y35_UO37,FXX,0,0.0,0,0,0.0,0,0,0,0.0,0.4705181121826172,1,P2_CV0,1,2,0,1,1
4,2.0,2.0,Age0_F4_m4f4_P4_Y37_UO49,R4_F4_m3f3_P3_Y35_UO112,R4_F4_m4f4_P4_Y35_UO37,MXY,0,0.0,0,0,0.0,0,0,0,0.0,0.4705181121826172,1,P2_CV0,1,2,0,1,1
4,2.0,2.0,Age0_F4_m4f4_P4_Y37_UO51,R4_F4_m3f3_P3_Y35_UO112,R4_F4_m4f4_P4_Y35_UO37,FXX,0,0.0,0,0,0.0,0,0,0,0.0,0.4705181121826172,1,P2_CV0,1,1,1,2,0
4,2.0,2.0,Age0_F4_m4f4_P4_Y37_UO81,R4_F4_m2f2_P2_Y35_UO254,R4_F4_m3f3_P3_Y35_UO62,FXX,0,0.0,0,0,0.0,0,0,0,0.0,0.46987056732177734,1,P2_CV0,1,1,1,2,0
4,2.0,2.0,Age0_F4_m4f4_P4_Y37_UO109,R4_F4_m2f2_P2_Y35_UO65,R4_F4_m2f2_P2_Y35_UO16,FXX,0,0.0,0,0,0.0,0,0,0,0.0,0.4712533950805664,1,P2_CV0,1,2,0,2,0
4,2.0,2.0,Age0_F4_m4f4_P4_Y37_UO114,R4_F4_m2f2_P2_Y35_UO65,R4_F4_m2f2_P2_Y35_UO16,MXY,0,0.0,0,0,0.0,0,0,0,0.0,0.4712533950805664,1,P2_CV0,1,1,1,2,0
4,2.0,2.0,Age0_F4_m4f4_P4_Y37_UO115,R4_F4_m2f2_P2_Y35_UO65,R4_F4_m2f2_P2_Y35_UO16,FXX,0,0.0,0,0,0.0,0,0,0,0.0,0.4712533950805664,1,P2_CV0,1,1,1,2,0
4,2.0,2.0,Age0_F4_m4f4_P4_Y37_UO116,R4_F4_m4f4_P4_Y35_UO263,R4_F4_m3f3_P3_Y35_UO62,FXX,0,0.0,0,0,0.0,0,0,0,0.0,0.4713020324707031,1,P2_CV0,1,2,0,1,1
4,2.0,2.0,Age0_F4_m4f4_P4_Y37_UO117,R4_F4_m4f4_P4_Y35_UO263,R4_F4_m3f3_P3_Y35_UO62,MXY,0,0.0,0,0,0.0,0,0,0,0.0,0.4713020324707031,1,P2_CV0,1,1,1,1,1
4,2.0,2.0,Age0_F4_m4f4_P4_Y37_UO119,R4_F4_m2f2_P2_Y35_UO1,R4_F4_m4f4_P4_Y35_UO267,FXX,0,0.0,0,0,0.0,0,0,0,0.0,0.4729328155517578,1,P2_CV0,1,1,1,1,1
4,2.0,2.0,Age0_F4_m4f4_P4_Y37_UO156,R4_F4_m4f4_P4_Y35_UO219,R4_F4_m4f4_P4_Y35_UO20,MXY,0,0.0,0,0,0.0,0,0,0,0.0,0.47352123260498047,1,P2_CV0,1,1,1,0,2
4,2.0,2.0,Age0_F4_m4f4_P4_Y37_UO157,R4_F4_m4f4_P4_Y35_UO219,R4_F4_m4f4_P4_Y35_UO20,MXY,0,0.0,0,0,0.0,0,0,0,0.0,0.47352123260498047,1,P2_CV0,1,0,2,0,2
4,2.0,2.0,Age0_F4_m4f4_P4_Y37_UO158,R4_F4_m4f4_P4_Y35_UO219,R4_F4_m4f4_P4_Y35_UO20,FXX,0,0.0,0,0,0.0,0,0,0,0.0,0.47352123260498047,1,P2_CV0,1,1,1,0,2
4,2.0,2.0,Age0_F4_m4f4_P4_Y37_UO166,R4_F4_m2f2_P2_Y35_UO2,R4_F4_m2f2_P2_Y35_UO140,FXX,0,0.0,0,0,0.0,0,0,0,0.0,0.4744691848754883,1,P2_CV0,1,2,0,2,0
4,2.0,2.0,Age0_F4_m4f4_P4_Y37_UO167,R4_F4_m2f2_P2_Y35_UO2,R4_F4_m2f2_P2_Y35_UO140,FXX,0,0.0,0,0,0.0,0,0,0,0.0,0.4744691848754883,1,P2_CV0,1,0,2,2,0
4,2.0,2.0,Age0_F4_m4f4_P4_Y37_UO207,R4_F4_m4f4_P4_Y35_UO219,R4_F4_m3f3_P3_Y35_UO207,MXY,0,0.0,0,0,0.0,0,0,0,0.0,0.4735240936279297,1,P2_CV0,1,0,2,2,0
4,2.0,2.0,Age0_F4_m4f4_P4_Y37_UO208,R4_F4_m4f4_P4_Y35_UO219,R4_F4_m3f3_P3_Y35_UO207,MXY,0,0.0,0,0,0.0,0,0,0,0.0,0.4735240936279297,1,P2_CV0,1,0,2,0,2
4,2.0,2.0,Age0_F4_m4f4_P4_Y37_UO209,R4_F4_m4f4_P4_Y35_UO219,R4_F4_m3f3_P3_Y35_UO207,MXY,0,0.0,0,0,0.0,0,0,0,0.0,0.4735240936279297,1,P2_CV0,1,0,2,1,1
4,2.0,2.0,Age0_F4_m4f4_P4_Y37_UO210,R4_F4_m4f4_P4_Y35_UO219,R4_F4_m3f3_P3_Y35_UO207,MXY,0,0.0,0,0,0.0,0,0,0,0.0,0.4735240936279297,1,P2_CV0,1,0,2,1,1
4,2.0,2.0,Age0_F4_m4f4_P4_Y37_UO211,R4_F4_m4f4_P4_Y35_UO219,R4_F4_m3f3_P3_Y35_UO207,MXY,0,0.0,0,0,0.0,0,0,0,0.0,0.4735240936279297,1,P2_CV0,1,0,2,2,0
4,2.0,2.0,Age0_F4_m4f4_P4_Y37_UO212,R4_F4_m4f4_P4_Y35_UO219,R4_F4_m3f3_P3_Y35_UO207,MXY,0,0.0,0,0,0.0,0,0,0,0.0,0.4735240936279297,1,P2_CV0,1,0,2,1,1
4,2.0,2.0,Age0_F4_m4f4_P4_Y37_UO233,R4_F4_m3f3_P3_Y35_UO112,R4_F4_m3f3_P3_Y35_UO207,FXX,0,0.0,0,0,0.0,0,0,0,0.0,0.4709358215332031,1,P2_CV0,1,1,1,2,0
4,2.0,2.0,Age0_F4_m4f4_P4_Y37_UO278,R4_F4_m2f2_P2_Y35_UO2,R4_F4_m3f3_P3_Y35_UO209,MXY,0,0.0,0,0,0.0,0,0,0,0.0,0.4737539291381836,1,P2_CV0,1,0,2,1,1
4,2.0,2.0,Age0_F4_m4f4_P4_Y37_UO279,R4_F4_m2f2_P2_Y35_UO2,R4_F4_m3f3_P3_Y35_UO209,MXY,0,0.0,0,0,0.0,0,0,0,0.0,0.4737539291381836,1,P2_CV0,1,0,2,0,2
4,2.0,2.0,Age0_F4_m4f4_P4_Y37_UO280,R4_F4_m2f2_P2_Y35_UO2,R4_F4_m3f3_P3_Y35_UO209,MXY,0,0.0,0,0,0.0,0,0,0,0.0,0.4737539291381836,1,P2_CV0,1,1,1,1,1
4,2.0,2.0,Age0_F4_m4f4_P4_Y37_UO281,R4_F4_m2f2_P2_Y35_UO2,R4_F4_m3f3_P3_Y35_UO209,FXX,0,0.0,0,0,0.0,0,0,0,0.0,0.4737539291381836,1,P2_CV0,1,1,1,1,1
4,2.0,2.0,Age0_F4_m4f4_P4_Y37_UO282,R4_F4_m2f2_P2_Y35_UO2,R4_F4_m3f3_P3_Y35_UO209,FXX,0,0.0,0,0,0.0,0,0,0,0.0,0.4737539291381836,1,P2_CV0,1,1,1,1,1
4,2.0,2.0,Age0_F4_m4f4_P4_Y37_UO283,R4_F4_m2f2_P2_Y35_UO2,R4_F4_m3f3_P3_Y35_UO209,FXX,0,0.0,0,0,0.0,0,0,0,0.0,0.4737539291381836,1,P2_CV0,1,2,0,1,1
4,2.0,2.0,Age0_F4_m4f4_P4_Y37_UO284,R4_F4_m2f2_P2_Y35_UO2,R4_F4_m3f3_P3_Y35_UO209,MXY,0,0.0,0,0,0.0,0,0,0,0.0,0.4737539291381836,1,P2_CV0,1,2,0,1,1
4,2.0,2.0,Age0_F4_m4f4_P4_Y37_UO285,R4_F4_m2f2_P2_Y35_UO2,R4_F4_m3f3_P3_Y35_UO209,MXY,0,0.0,0,0,0.0,0,0,0,0.0,0.4737539291381836,1,P2_CV0,1,1,1,0,2
4,2.0,2.0,Age0_F4_m4f4_P4_Y37_UO286,R4_F4_m2f2_P2_Y35_UO2,R4_F4_m3f3_P3_Y35_UO209,MXY,0,0.0,0,0,0.0,0,0,0,0.0,0.4737539291381836,1,P2_CV0,1,0,2,1,1
4,2.0,2.0,R4_F4_m3f3_P3_Y36_UO225,R3_F3_m1f1_P1_Y34_UO251,R3_F3_m4f4_P4_Y34_UO264,MXY,1,0.0,1,1,0.0,0,0,0,-9999.0,0.47478294372558594,1,P2_CV0,1,1,1,2,0
4,2.0,2.0,R4_F4_m2f2_P2_Y36_UO163,R2_F2_m1f1_P1_Y34_UO170,R2_F2_m1f1_P1_Y34_UO225,FXX,1,0.0,1,1,1.0,0,0,0,-9999.0,0.4785327911376953,1,P2_CV0,1,0,2,1,1
4,2.0,2.0,R4_F4_m4f4_P4_Y36_UO24,R4_F4_m4f4_P4_Y34_UO199,R4_F4_m3f3_P3_Y34_UO243,MXY,1,0.0,1,1,0.0,0,0,0,-9999.0,0.4772834777832031,1,P2_CV0,1,1,1,1,1
4,2.0,2.0,R4_F4_m3f3_P3_Y36_UO26,R3_F3_m4f4_P4_Y34_UO125,R3_F3_m1f1_P1_Y34_UO247,FXX,1,0.0,1,1,1.0,0,0,0,-9999.0,0.4775094985961914,1,P2_CV0,1,0,2,2,0
4,2.0,2.0,R4_F4_m4f4_P4_Y35_UO219,R4_F4_m3f3_P3_Y33_UO197,R4_F4_m4f4_P4_Y30_UO41,FXX,2,0.0,1,0,1.0,0,0,0,-9999.0,0.47460174560546875,1,P2_CV0,1,0,2,1,1
4,2.0,2.0,R4_F4_m3f3_P3_Y35_UO204,R3_F3_m3f3_P3_Y33_UO130,R3_F3_m1f1_P1_Y33_UO179,MXY,2,0.0,1,0,0.0,0,0,0,-9999.0,0.4724464416503906,1,P2_CV0,1,1,1,2,0
4,2.0,2.0,R4_F4_m3f3_P3_Y35_UO207,R3_F3_m3f3_P3_Y33_UO130,R3_F3_m1f1_P1_Y33_UO179,MXY,2,0.0,1,0,0.0,0,0,0,-9999.0,0.4724464416503906,1,P2_CV0,1,0,2,1,1
4,2.0,2.0,R4_F4_m4f4_P4_Y35_UO90,R4_F4_m3f3_P3_Y33_UO260,R4_F4_m2f2_P2_Y33_UO37,MXY,2,0.0,1,0,0.0,0,0,0,-9999.0,0.4704093933105469,1,P2_CV0,1,1,1,2,0
4,2.0,2.0,R4_F4_m2f2_P2_Y35_UO65,R2_F2_m2f2_P2_Y33_UO155,R2_F2_m2f2_P2_Y33_UO57,FXX,2,0.0,1,0,1.0,0,0,0,-9999.0,0.4730815887451172,1,P2_CV0,1,2,0,2,0
4,2.0,2.0,R4_F4_m2f2_P2_Y34_UO178,R2_F2_m1f1_P1_Y32_UO184,R2_F2_m4f4_P4_Y32_UO89,FXX,3,0.0,1,0,1.0,0,0,0,-9999.0,0.47655487060546875,1,P2_CV0,1,1,1,2,0
