Year,ID,PatchID,Lineage
9,P2_Y8_UO15,2,0
8,P2_Y6_UO63,2,0
7,P2_Y6_UO63,2,0
6,P2_Y4_UO55,2,0
5,P2_Y4_UO55,2,0
4,P2_Y2_UO175,2,0
3,P2_Y2_UO175,2,0
2,P2_Y0_UO126,2,0
1,P2_Y0_UO126,2,0
0,P2_Y-1_U74,2,0
0,P1_Y-1_U23,1,0
2,P3_Y0_UO4,3,0
1,P3_Y0_UO4,3,0
0,P3_Y-1_U24,3,0
0,P2_Y-1_U2,2,0
4,P3_Y1_UO45,3,0
3,P3_Y1_UO45,3,0
2,P3_Y1_UO45,3,0
1,P3_Y-1_U34,3,0
0,P3_Y-1_U34,3,0
1,P2_Y-1_U94,2,0
0,P2_Y-1_U94,2,0
6,P1_Y4_UO26,1,0
5,P1_Y4_UO26,1,0
4,P1_Y2_UO140,1,0
3,P1_Y2_UO140,1,0
2,P1_Y0_UO38,1,0
1,P1_Y0_UO38,1,0
0,P1_Y-1_U14,1,0
0,P2_Y-1_U44,2,0
2,P3_Y-1_U82,3,0
1,P3_Y-1_U82,3,0
0,P3_Y-1_U82,3,0
4,P2_Y2_UO41,2,0
3,P2_Y2_UO41,2,0
2,P2_Y0_UO141,2,0
1,P2_Y0_UO141,2,0
0,P2_Y-1_U43,2,0
0,P1_Y-1_U90,1,0
2,P1_Y0_UO177,1,0
1,P1_Y0_UO177,1,0
0,P1_Y-1_U56,1,0
0,P3_Y-1_U94,3,0
8,P2_Y5_UO170,3,0
7,P2_Y5_UO170,3,0
6,P2_Y5_UO170,3,0
5,P2_Y3_UO4,2,0
4,P2_Y3_UO4,2,0
3,P3_Y1_UO59,2,0
2,P3_Y1_UO59,3,0
1,P3_Y-1_U60,3,0
0,P3_Y-1_U60,3,0
1,P1_Y-1_U83,1,0
0,P1_Y-1_U83,1,0
3,P1_Y1_UO18,1,0
2,P1_Y1_UO18,1,0
1,P1_Y-1_U42,1,0
0,P1_Y-1_U42,1,0
1,P2_Y-1_U75,2,0
0,P2_Y-1_U75,2,0
5,P1_Y3_UO224,1,0
4,P1_Y3_UO224,1,0
3,P3_Y1_UO140,1,0
2,P3_Y1_UO140,3,0
1,P3_Y-1_U16,3,0
0,P3_Y-1_U16,3,0
1,P1_Y-1_U83,1,0
0,P1_Y-1_U83,1,0
3,P3_Y1_UO35,3,0
2,P3_Y1_UO35,3,0
1,P3_Y-1_U42,3,0
0,P3_Y-1_U42,3,0
1,P2_Y-1_U26,2,0
0,P2_Y-1_U26,2,0
9,P2_Y7_UO21,2,1
8,P2_Y7_UO21,2,1
7,P2_Y5_UO230,2,1
6,P2_Y5_UO230,2,1
5,P2_Y3_UO180,2,1
4,P2_Y3_UO180,2,1
3,P2_Y1_UO53,2,1
2,P2_Y1_UO53,2,1
1,P2_Y-1_U6,2,1
0,P2_Y-1_U6,2,1
1,P3_Y-1_U72,3,1
0,P3_Y-1_U72,3,1
3,P3_Y1_UO45,3,1
2,P3_Y1_UO45,3,1
1,P3_Y-1_U34,3,1
0,P3_Y-1_U34,3,1
1,P2_Y-1_U94,2,1
0,P2_Y-1_U94,2,1
5,P2_Y3_UO36,1,1
4,P2_Y3_UO36,1,1
3,P2_Y1_UO131,2,1
2,P2_Y1_UO131,2,1
1,P2_Y-1_U99,2,1
0,P2_Y-1_U99,2,1
1,P1_Y-1_U87,1,1
0,P1_Y-1_U87,1,1
3,P3_Y1_UO176,3,1
2,P3_Y1_UO176,3,1
1,P3_Y-1_U45,3,1
0,P3_Y-1_U45,3,1
1,P1_Y-1_U26,1,1
0,P1_Y-1_U26,1,1
7,P3_Y5_UO4,3,1
6,P3_Y5_UO4,3,1
5,P1_Y3_UO130,3,1
4,P1_Y3_UO130,3,1
3,P1_Y1_UO90,1,1
2,P1_Y1_UO90,1,1
1,P1_Y-1_U31,1,1
0,P1_Y-1_U31,1,1
1,P3_Y-1_U5,3,1
0,P3_Y-1_U5,3,1
3,P3_Y1_UO56,3,1
2,P3_Y1_UO56,3,1
1,P3_Y-1_U60,3,1
0,P3_Y-1_U60,3,1
1,P1_Y-1_U84,2,1
0,P1_Y-1_U84,1,1
5,P1_Y3_UO224,1,1
4,P1_Y3_UO224,1,1
3,P3_Y1_UO140,1,1
2,P3_Y1_UO140,3,1
1,P3_Y-1_U16,3,1
0,P3_Y-1_U16,3,1
1,P1_Y-1_U83,1,1
0,P1_Y-1_U83,1,1
3,P3_Y1_UO35,3,1
2,P3_Y1_UO35,3,1
1,P3_Y-1_U42,3,1
0,P3_Y-1_U42,3,1
1,P2_Y-1_U26,2,1
0,P2_Y-1_U26,2,1
9,P2_Y7_UO22,2,2
8,P2_Y7_UO22,2,2
7,P2_Y5_UO230,2,2
6,P2_Y5_UO230,2,2
5,P2_Y3_UO180,2,2
4,P2_Y3_UO180,2,2
3,P2_Y1_UO53,2,2
2,P2_Y1_UO53,2,2
1,P2_Y-1_U6,2,2
0,P2_Y-1_U6,2,2
1,P3_Y-1_U72,3,2
0,P3_Y-1_U72,3,2
3,P3_Y1_UO45,3,2
2,P3_Y1_UO45,3,2
1,P3_Y-1_U34,3,2
0,P3_Y-1_U34,3,2
1,P2_Y-1_U94,2,2
0,P2_Y-1_U94,2,2
5,P2_Y3_UO36,1,2
4,P2_Y3_UO36,1,2
3,P2_Y1_UO131,2,2
2,P2_Y1_UO131,2,2
1,P2_Y-1_U99,2,2
0,P2_Y-1_U99,2,2
1,P1_Y-1_U87,1,2
0,P1_Y-1_U87,1,2
3,P3_Y1_UO176,3,2
2,P3_Y1_UO176,3,2
1,P3_Y-1_U45,3,2
0,P3_Y-1_U45,3,2
1,P1_Y-1_U26,1,2
0,P1_Y-1_U26,1,2
7,P3_Y5_UO4,3,2
6,P3_Y5_UO4,3,2
5,P1_Y3_UO130,3,2
4,P1_Y3_UO130,3,2
3,P1_Y1_UO90,1,2
2,P1_Y1_UO90,1,2
1,P1_Y-1_U31,1,2
0,P1_Y-1_U31,1,2
1,P3_Y-1_U5,3,2
0,P3_Y-1_U5,3,2
3,P3_Y1_UO56,3,2
2,P3_Y1_UO56,3,2
1,P3_Y-1_U60,3,2
0,P3_Y-1_U60,3,2
1,P1_Y-1_U84,2,2
0,P1_Y-1_U84,1,2
5,P1_Y3_UO224,1,2
4,P1_Y3_UO224,1,2
3,P3_Y1_UO140,1,2
2,P3_Y1_UO140,3,2
1,P3_Y-1_U16,3,2
0,P3_Y-1_U16,3,2
1,P1_Y-1_U83,1,2
0,P1_Y-1_U83,1,2
3,P3_Y1_UO35,3,2
2,P3_Y1_UO35,3,2
1,P3_Y-1_U42,3,2
0,P3_Y-1_U42,3,2
1,P2_Y-1_U26,2,2
0,P2_Y-1_U26,2,2
9,P2_Y7_UO209,2,3
8,P2_Y7_UO209,2,3
7,P2_Y5_UO221,2,3
6,P2_Y5_UO221,2,3
5,P2_Y3_UO75,2,3
4,P2_Y3_UO75,2,3
3,P2_Y1_UO49,2,3
2,P2_Y1_UO49,2,3
1,P2_Y-1_U6,2,3
0,P2_Y-1_U6,2,3
1,P3_Y-1_U72,3,3
0,P3_Y-1_U72,3,3
3,P1_Y1_UO25,1,3
2,P1_Y1_UO25,1,3
1,P1_Y-1_U48,1,3
0,P1_Y-1_U48,1,3
1,P2_Y-1_U90,2,3
0,P2_Y-1_U90,2,3
5,P1_Y3_UO224,1,3
4,P1_Y3_UO224,1,3
3,P3_Y1_UO140,1,3
2,P3_Y1_UO140,3,3
1,P3_Y-1_U16,3,3
0,P3_Y-1_U16,3,3
1,P1_Y-1_U83,1,3
0,P1_Y-1_U83,1,3
3,P3_Y1_UO35,3,3
2,P3_Y1_UO35,3,3
1,P3_Y-1_U42,3,3
0,P3_Y-1_U42,3,3
1,P2_Y-1_U26,2,3
0,P2_Y-1_U26,2,3
7,P2_Y5_UO138,3,3
6,P2_Y5_UO138,2,3
5,P2_Y3_UO94,2,3
4,P2_Y3_UO94,2,3
3,P2_Y1_UO49,2,3
2,P2_Y1_UO49,2,3
1,P2_Y-1_U6,2,3
0,P2_Y-1_U6,2,3
1,P3_Y-1_U72,3,3
0,P3_Y-1_U72,3,3
3,P1_Y0_UO177,1,3
2,P1_Y0_UO177,1,3
1,P1_Y0_UO177,1,3
0,P1_Y-1_U56,1,3
0,P3_Y-1_U94,3,3
5,P2_Y3_UO85,1,3
4,P2_Y3_UO85,1,3
3,P2_Y1_UO111,2,3
2,P2_Y1_UO111,2,3
1,P2_Y-1_U69,2,3
0,P2_Y-1_U69,2,3
1,P3_Y-1_U79,3,3
0,P3_Y-1_U79,3,3
3,P1_Y0_UO177,1,3
2,P1_Y0_UO177,1,3
1,P1_Y0_UO177,1,3
0,P1_Y-1_U56,1,3
0,P3_Y-1_U94,3,3
9,P1_Y7_UO138,2,4
8,P1_Y7_UO138,1,4
7,P1_Y5_UO155,1,4
6,P1_Y5_UO155,1,4
5,P3_Y3_UO107,1,4
4,P3_Y3_UO107,1,4
3,P2_Y1_UO40,3,4
2,P2_Y1_UO40,2,4
1,P2_Y-1_U53,2,4
0,P2_Y-1_U53,2,4
1,P1_Y-1_U20,1,4
0,P1_Y-1_U20,1,4
3,P3_Y1_UO11,2,4
2,P3_Y1_UO11,3,4
1,P3_Y-1_U70,3,4
0,P3_Y-1_U70,3,4
1,P2_Y-1_U26,2,4
0,P2_Y-1_U26,2,4
5,P1_Y3_UO21,2,4
4,P1_Y3_UO21,2,4
3,P1_Y1_UO19,1,4
2,P1_Y1_UO19,1,4
1,P1_Y-1_U42,1,4
0,P1_Y-1_U42,1,4
1,P2_Y-1_U75,2,4
0,P2_Y-1_U75,2,4
3,P2_Y-1_U26,2,4
2,P2_Y-1_U26,2,4
1,P2_Y-1_U26,2,4
0,P2_Y-1_U26,2,4
7,P2_Y5_UO222,2,4
6,P2_Y5_UO222,2,4
5,P2_Y3_UO121,2,4
4,P2_Y3_UO121,2,4
3,P3_Y1_UO160,2,4
2,P3_Y1_UO160,3,4
1,P3_Y-1_U45,3,4
0,P3_Y-1_U45,3,4
1,P1_Y-1_U60,1,4
0,P1_Y-1_U60,1,4
3,P1_Y1_UO23,1,4
2,P1_Y1_UO23,1,4
1,P1_Y-1_U48,1,4
0,P1_Y-1_U48,1,4
1,P2_Y-1_U90,2,4
0,P2_Y-1_U90,2,4
5,P3_Y3_UO111,1,4
4,P3_Y3_UO111,1,4
3,P2_Y1_UO40,3,4
2,P2_Y1_UO40,2,4
1,P2_Y-1_U53,2,4
0,P2_Y-1_U53,2,4
1,P1_Y-1_U20,1,4
0,P1_Y-1_U20,1,4
3,P3_Y1_UO11,2,4
2,P3_Y1_UO11,3,4
1,P3_Y-1_U70,3,4
0,P3_Y-1_U70,3,4
1,P2_Y-1_U26,2,4
0,P2_Y-1_U26,2,4
9,P2_Y7_UO70,2,5
8,P2_Y7_UO70,2,5
7,P2_Y5_UO23,2,5
6,P2_Y5_UO23,2,5
5,P2_Y3_UO75,2,5
4,P2_Y3_UO75,2,5
3,P2_Y1_UO49,2,5
2,P2_Y1_UO49,2,5
1,P2_Y-1_U6,2,5
0,P2_Y-1_U6,2,5
1,P3_Y-1_U72,3,5
0,P3_Y-1_U72,3,5
3,P1_Y1_UO25,1,5
2,P1_Y1_UO25,1,5
1,P1_Y-1_U48,1,5
0,P1_Y-1_U48,1,5
1,P2_Y-1_U90,2,5
0,P2_Y-1_U90,2,5
5,P2_Y2_UO187,3,5
4,P2_Y2_UO187,3,5
3,P2_Y2_UO187,2,5
2,P2_Y0_UO144,2,5
1,P2_Y0_UO144,2,5
0,P2_Y-1_U7,2,5
0,P3_Y-1_U93,3,5
2,P1_Y-1_U89,1,5
1,P1_Y-1_U89,1,5
0,P1_Y-1_U89,1,5
7,P3_Y5_UO6,1,5
6,P3_Y5_UO6,3,5
5,P1_Y3_UO130,3,5
4,P1_Y3_UO130,3,5
3,P1_Y1_UO90,1,5
2,P1_Y1_UO90,1,5
1,P1_Y-1_U31,1,5
0,P1_Y-1_U31,1,5
1,P3_Y-1_U5,3,5
0,P3_Y-1_U5,3,5
3,P3_Y1_UO56,3,5
2,P3_Y1_UO56,3,5
1,P3_Y-1_U60,3,5
0,P3_Y-1_U60,3,5
1,P1_Y-1_U84,2,5
0,P1_Y-1_U84,1,5
5,P1_Y3_UO224,1,5
4,P1_Y3_UO224,1,5
3,P3_Y1_UO140,1,5
2,P3_Y1_UO140,3,5
1,P3_Y-1_U16,3,5
0,P3_Y-1_U16,3,5
1,P1_Y-1_U83,1,5
0,P1_Y-1_U83,1,5
3,P3_Y1_UO35,3,5
2,P3_Y1_UO35,3,5
1,P3_Y-1_U42,3,5
0,P3_Y-1_U42,3,5
1,P2_Y-1_U26,2,5
0,P2_Y-1_U26,2,5
9,P2_Y7_UO101,2,6
8,P2_Y7_UO101,2,6
7,P2_Y5_UO167,2,6
6,P2_Y5_UO167,2,6
5,P2_Y3_UO4,2,6
4,P2_Y3_UO4,2,6
3,P3_Y1_UO59,2,6
2,P3_Y1_UO59,3,6
1,P3_Y-1_U60,3,6
0,P3_Y-1_U60,3,6
1,P1_Y-1_U83,1,6
0,P1_Y-1_U83,1,6
3,P1_Y1_UO18,1,6
2,P1_Y1_UO18,1,6
1,P1_Y-1_U42,1,6
0,P1_Y-1_U42,1,6
1,P2_Y-1_U75,2,6
0,P2_Y-1_U75,2,6
5,P1_Y3_UO224,1,6
4,P1_Y3_UO224,1,6
3,P3_Y1_UO140,1,6
2,P3_Y1_UO140,3,6
1,P3_Y-1_U16,3,6
0,P3_Y-1_U16,3,6
1,P1_Y-1_U83,1,6
0,P1_Y-1_U83,1,6
3,P3_Y1_UO35,3,6
2,P3_Y1_UO35,3,6
1,P3_Y-1_U42,3,6
0,P3_Y-1_U42,3,6
1,P2_Y-1_U26,2,6
0,P2_Y-1_U26,2,6
7,P1_Y5_UO101,1,6
6,P1_Y5_UO101,1,6
5,P1_Y3_UO129,1,6
4,P1_Y3_UO129,1,6
3,P1_Y1_UO90,1,6
2,P1_Y1_UO90,1,6
1,P1_Y-1_U31,1,6
0,P1_Y-1_U31,1,6
1,P3_Y-1_U5,3,6
0,P3_Y-1_U5,3,6
3,P3_Y1_UO56,3,6
2,P3_Y1_UO56,3,6
1,P3_Y-1_U60,3,6
0,P3_Y-1_U60,3,6
1,P1_Y-1_U84,2,6
0,P1_Y-1_U84,1,6
5,P1_Y3_UO21,2,6
4,P1_Y3_UO21,2,6
3,P1_Y1_UO19,1,6
2,P1_Y1_UO19,1,6
1,P1_Y-1_U42,1,6
0,P1_Y-1_U42,1,6
1,P2_Y-1_U75,2,6
0,P2_Y-1_U75,2,6
3,P2_Y-1_U26,2,6
2,P2_Y-1_U26,2,6
1,P2_Y-1_U26,2,6
0,P2_Y-1_U26,2,6
9,P2_Y7_UO208,2,7
8,P2_Y7_UO208,2,7
7,P2_Y5_UO221,2,7
6,P2_Y5_UO221,2,7
5,P2_Y3_UO75,2,7
4,P2_Y3_UO75,2,7
3,P2_Y1_UO49,2,7
2,P2_Y1_UO49,2,7
1,P2_Y-1_U6,2,7
0,P2_Y-1_U6,2,7
1,P3_Y-1_U72,3,7
0,P3_Y-1_U72,3,7
3,P1_Y1_UO25,1,7
2,P1_Y1_UO25,1,7
1,P1_Y-1_U48,1,7
0,P1_Y-1_U48,1,7
1,P2_Y-1_U90,2,7
0,P2_Y-1_U90,2,7
5,P1_Y3_UO224,1,7
4,P1_Y3_UO224,1,7
3,P3_Y1_UO140,1,7
2,P3_Y1_UO140,3,7
1,P3_Y-1_U16,3,7
0,P3_Y-1_U16,3,7
1,P1_Y-1_U83,1,7
0,P1_Y-1_U83,1,7
3,P3_Y1_UO35,3,7
2,P3_Y1_UO35,3,7
1,P3_Y-1_U42,3,7
0,P3_Y-1_U42,3,7
1,P2_Y-1_U26,2,7
0,P2_Y-1_U26,2,7
7,P2_Y5_UO138,3,7
6,P2_Y5_UO138,2,7
5,P2_Y3_UO94,2,7
4,P2_Y3_UO94,2,7
3,P2_Y1_UO49,2,7
2,P2_Y1_UO49,2,7
1,P2_Y-1_U6,2,7
0,P2_Y-1_U6,2,7
1,P3_Y-1_U72,3,7
0,P3_Y-1_U72,3,7
3,P1_Y0_UO177,1,7
2,P1_Y0_UO177,1,7
1,P1_Y0_UO177,1,7
0,P1_Y-1_U56,1,7
0,P3_Y-1_U94,3,7
5,P2_Y3_UO85,1,7
4,P2_Y3_UO85,1,7
3,P2_Y1_UO111,2,7
2,P2_Y1_UO111,2,7
1,P2_Y-1_U69,2,7
0,P2_Y-1_U69,2,7
1,P3_Y-1_U79,3,7
0,P3_Y-1_U79,3,7
3,P1_Y0_UO177,1,7
2,P1_Y0_UO177,1,7
1,P1_Y0_UO177,1,7
0,P1_Y-1_U56,1,7
0,P3_Y-1_U94,3,7
9,P2_Y7_UO207,2,8
8,P2_Y7_UO207,2,8
7,P2_Y5_UO221,2,8
6,P2_Y5_UO221,2,8
5,P2_Y3_UO75,2,8
4,P2_Y3_UO75,2,8
3,P2_Y1_UO49,2,8
2,P2_Y1_UO49,2,8
1,P2_Y-1_U6,2,8
0,P2_Y-1_U6,2,8
1,P3_Y-1_U72,3,8
0,P3_Y-1_U72,3,8
3,P1_Y1_UO25,1,8
2,P1_Y1_UO25,1,8
1,P1_Y-1_U48,1,8
0,P1_Y-1_U48,1,8
1,P2_Y-1_U90,2,8
0,P2_Y-1_U90,2,8
5,P1_Y3_UO224,1,8
4,P1_Y3_UO224,1,8
3,P3_Y1_UO140,1,8
2,P3_Y1_UO140,3,8
1,P3_Y-1_U16,3,8
0,P3_Y-1_U16,3,8
1,P1_Y-1_U83,1,8
0,P1_Y-1_U83,1,8
3,P3_Y1_UO35,3,8
2,P3_Y1_UO35,3,8
1,P3_Y-1_U42,3,8
0,P3_Y-1_U42,3,8
1,P2_Y-1_U26,2,8
0,P2_Y-1_U26,2,8
7,P2_Y5_UO138,3,8
6,P2_Y5_UO138,2,8
5,P2_Y3_UO94,2,8
4,P2_Y3_UO94,2,8
3,P2_Y1_UO49,2,8
2,P2_Y1_UO49,2,8
1,P2_Y-1_U6,2,8
0,P2_Y-1_U6,2,8
1,P3_Y-1_U72,3,8
0,P3_Y-1_U72,3,8
3,P1_Y0_UO177,1,8
2,P1_Y0_UO177,1,8
1,P1_Y0_UO177,1,8
0,P1_Y-1_U56,1,8
0,P3_Y-1_U94,3,8
5,P2_Y3_UO85,1,8
4,P2_Y3_UO85,1,8
3,P2_Y1_UO111,2,8
2,P2_Y1_UO111,2,8
1,P2_Y-1_U69,2,8
0,P2_Y-1_U69,2,8
1,P3_Y-1_U79,3,8
0,P3_Y-1_U79,3,8
3,P1_Y0_UO177,1,8
2,P1_Y0_UO177,1,8
1,P1_Y0_UO177,1,8
0,P1_Y-1_U56,1,8
0,P3_Y-1_U94,3,8
9,P2_Y7_UO223,2,9
8,P2_Y7_UO223,2,9
7,P2_Y5_UO143,2,9
6,P2_Y5_UO143,2,9
5,P2_Y3_UO205,2,9
4,P2_Y3_UO205,2,9
3,P2_Y1_UO188,2,9
2,P2_Y1_UO188,2,9
1,P2_Y-1_U0,2,9
0,P2_Y-1_U0,2,9
1,P1_Y-1_U83,1,9
0,P1_Y-1_U83,1,9
3,P2_Y1_UO194,1,9
2,P2_Y1_UO194,1,9
1,P2_Y-1_U0,2,9
0,P2_Y-1_U0,2,9
1,P1_Y-1_U83,1,9
0,P1_Y-1_U83,1,9
5,P1_Y3_UO99,1,9
4,P1_Y3_UO99,1,9
3,P1_Y1_UO186,1,9
2,P1_Y1_UO186,1,9
1,P1_Y-1_U25,1,9
0,P1_Y-1_U25,1,9
1,P3_Y-1_U58,3,9
0,P3_Y-1_U58,3,9
3,P2_Y1_UO187,2,9
2,P2_Y1_UO187,2,9
1,P2_Y-1_U0,2,9
0,P2_Y-1_U0,2,9
1,P1_Y-1_U83,1,9
0,P1_Y-1_U83,1,9
7,P3_Y5_UO213,3,9
6,P3_Y5_UO213,3,9
5,P2_Y3_UO210,3,9
4,P2_Y3_UO210,2,9
3,P2_Y1_UO188,2,9
2,P2_Y1_UO188,2,9
1,P2_Y-1_U0,2,9
0,P2_Y-1_U0,2,9
1,P1_Y-1_U83,1,9
0,P1_Y-1_U83,1,9
3,P3_Y1_UO9,1,9
2,P3_Y1_UO9,3,9
1,P3_Y-1_U70,3,9
0,P3_Y-1_U70,3,9
1,P2_Y-1_U26,2,9
0,P2_Y-1_U26,2,9
5,P2_Y3_UO73,2,9
4,P2_Y3_UO73,2,9
3,P2_Y1_UO188,2,9
2,P2_Y1_UO188,2,9
1,P2_Y-1_U0,2,9
0,P2_Y-1_U0,2,9
1,P1_Y-1_U83,1,9
0,P1_Y-1_U83,1,9
3,P3_Y1_UO45,3,9
2,P3_Y1_UO45,3,9
1,P3_Y-1_U34,3,9
0,P3_Y-1_U34,3,9
1,P2_Y-1_U94,2,9
0,P2_Y-1_U94,2,9
9,P2_Y8_UO3,2,10
8,P2_Y6_UO63,2,10
7,P2_Y6_UO63,2,10
6,P2_Y4_UO55,2,10
5,P2_Y4_UO55,2,10
4,P2_Y2_UO175,2,10
3,P2_Y2_UO175,2,10
2,P2_Y0_UO126,2,10
1,P2_Y0_UO126,2,10
0,P2_Y-1_U74,2,10
0,P1_Y-1_U23,1,10
2,P3_Y0_UO4,3,10
1,P3_Y0_UO4,3,10
0,P3_Y-1_U24,3,10
0,P2_Y-1_U2,2,10
4,P3_Y1_UO45,3,10
3,P3_Y1_UO45,3,10
2,P3_Y1_UO45,3,10
1,P3_Y-1_U34,3,10
0,P3_Y-1_U34,3,10
1,P2_Y-1_U94,2,10
0,P2_Y-1_U94,2,10
6,P1_Y4_UO26,1,10
5,P1_Y4_UO26,1,10
4,P1_Y2_UO140,1,10
3,P1_Y2_UO140,1,10
2,P1_Y0_UO38,1,10
1,P1_Y0_UO38,1,10
0,P1_Y-1_U14,1,10
0,P2_Y-1_U44,2,10
2,P3_Y-1_U82,3,10
1,P3_Y-1_U82,3,10
0,P3_Y-1_U82,3,10
4,P2_Y2_UO41,2,10
3,P2_Y2_UO41,2,10
2,P2_Y0_UO141,2,10
1,P2_Y0_UO141,2,10
0,P2_Y-1_U43,2,10
0,P1_Y-1_U90,1,10
2,P1_Y0_UO177,1,10
1,P1_Y0_UO177,1,10
0,P1_Y-1_U56,1,10
0,P3_Y-1_U94,3,10
8,P2_Y5_UO170,3,10
7,P2_Y5_UO170,3,10
6,P2_Y5_UO170,3,10
5,P2_Y3_UO4,2,10
4,P2_Y3_UO4,2,10
3,P3_Y1_UO59,2,10
2,P3_Y1_UO59,3,10
1,P3_Y-1_U60,3,10
0,P3_Y-1_U60,3,10
1,P1_Y-1_U83,1,10
0,P1_Y-1_U83,1,10
3,P1_Y1_UO18,1,10
2,P1_Y1_UO18,1,10
1,P1_Y-1_U42,1,10
0,P1_Y-1_U42,1,10
1,P2_Y-1_U75,2,10
0,P2_Y-1_U75,2,10
5,P1_Y3_UO224,1,10
4,P1_Y3_UO224,1,10
3,P3_Y1_UO140,1,10
2,P3_Y1_UO140,3,10
1,P3_Y-1_U16,3,10
0,P3_Y-1_U16,3,10
1,P1_Y-1_U83,1,10
0,P1_Y-1_U83,1,10
3,P3_Y1_UO35,3,10
2,P3_Y1_UO35,3,10
1,P3_Y-1_U42,3,10
0,P3_Y-1_U42,3,10
1,P2_Y-1_U26,2,10
0,P2_Y-1_U26,2,10
9,P2_Y8_UO7,2,11
8,P2_Y6_UO63,2,11
7,P2_Y6_UO63,2,11
6,P2_Y4_UO55,2,11
5,P2_Y4_UO55,2,11
4,P2_Y2_UO175,2,11
3,P2_Y2_UO175,2,11
2,P2_Y0_UO126,2,11
1,P2_Y0_UO126,2,11
0,P2_Y-1_U74,2,11
0,P1_Y-1_U23,1,11
2,P3_Y0_UO4,3,11
1,P3_Y0_UO4,3,11
0,P3_Y-1_U24,3,11
0,P2_Y-1_U2,2,11
4,P3_Y1_UO45,3,11
3,P3_Y1_UO45,3,11
2,P3_Y1_UO45,3,11
1,P3_Y-1_U34,3,11
0,P3_Y-1_U34,3,11
1,P2_Y-1_U94,2,11
0,P2_Y-1_U94,2,11
6,P1_Y4_UO26,1,11
5,P1_Y4_UO26,1,11
4,P1_Y2_UO140,1,11
3,P1_Y2_UO140,1,11
2,P1_Y0_UO38,1,11
1,P1_Y0_UO38,1,11
0,P1_Y-1_U14,1,11
0,P2_Y-1_U44,2,11
2,P3_Y-1_U82,3,11
1,P3_Y-1_U82,3,11
0,P3_Y-1_U82,3,11
4,P2_Y2_UO41,2,11
3,P2_Y2_UO41,2,11
2,P2_Y0_UO141,2,11
1,P2_Y0_UO141,2,11
0,P2_Y-1_U43,2,11
0,P1_Y-1_U90,1,11
2,P1_Y0_UO177,1,11
1,P1_Y0_UO177,1,11
0,P1_Y-1_U56,1,11
0,P3_Y-1_U94,3,11
8,P2_Y5_UO170,3,11
7,P2_Y5_UO170,3,11
6,P2_Y5_UO170,3,11
5,P2_Y3_UO4,2,11
4,P2_Y3_UO4,2,11
3,P3_Y1_UO59,2,11
2,P3_Y1_UO59,3,11
1,P3_Y-1_U60,3,11
0,P3_Y-1_U60,3,11
1,P1_Y-1_U83,1,11
0,P1_Y-1_U83,1,11
3,P1_Y1_UO18,1,11
2,P1_Y1_UO18,1,11
1,P1_Y-1_U42,1,11
0,P1_Y-1_U42,1,11
1,P2_Y-1_U75,2,11
0,P2_Y-1_U75,2,11
5,P1_Y3_UO224,1,11
4,P1_Y3_UO224,1,11
3,P3_Y1_UO140,1,11
2,P3_Y1_UO140,3,11
1,P3_Y-1_U16,3,11
0,P3_Y-1_U16,3,11
1,P1_Y-1_U83,1,11
0,P1_Y-1_U83,1,11
3,P3_Y1_UO35,3,11
2,P3_Y1_UO35,3,11
1,P3_Y-1_U42,3,11
0,P3_Y-1_U42,3,11
1,P2_Y-1_U26,2,11
0,P2_Y-1_U26,2,11
9,P2_Y8_UO8,2,12
8,P2_Y6_UO63,2,12
7,P2_Y6_UO63,2,12
6,P2_Y4_UO55,2,12
5,P2_Y4_UO55,2,12
4,P2_Y2_UO175,2,12
3,P2_Y2_UO175,2,12
2,P2_Y0_UO126,2,12
1,P2_Y0_UO126,2,12
0,P2_Y-1_U74,2,12
0,P1_Y-1_U23,1,12
2,P3_Y0_UO4,3,12
1,P3_Y0_UO4,3,12
0,P3_Y-1_U24,3,12
0,P2_Y-1_U2,2,12
4,P3_Y1_UO45,3,12
3,P3_Y1_UO45,3,12
2,P3_Y1_UO45,3,12
1,P3_Y-1_U34,3,12
0,P3_Y-1_U34,3,12
1,P2_Y-1_U94,2,12
0,P2_Y-1_U94,2,12
6,P1_Y4_UO26,1,12
5,P1_Y4_UO26,1,12
4,P1_Y2_UO140,1,12
3,P1_Y2_UO140,1,12
2,P1_Y0_UO38,1,12
1,P1_Y0_UO38,1,12
0,P1_Y-1_U14,1,12
0,P2_Y-1_U44,2,12
2,P3_Y-1_U82,3,12
1,P3_Y-1_U82,3,12
0,P3_Y-1_U82,3,12
4,P2_Y2_UO41,2,12
3,P2_Y2_UO41,2,12
2,P2_Y0_UO141,2,12
1,P2_Y0_UO141,2,12
0,P2_Y-1_U43,2,12
0,P1_Y-1_U90,1,12
2,P1_Y0_UO177,1,12
1,P1_Y0_UO177,1,12
0,P1_Y-1_U56,1,12
0,P3_Y-1_U94,3,12
8,P2_Y5_UO170,3,12
7,P2_Y5_UO170,3,12
6,P2_Y5_UO170,3,12
5,P2_Y3_UO4,2,12
4,P2_Y3_UO4,2,12
3,P3_Y1_UO59,2,12
2,P3_Y1_UO59,3,12
1,P3_Y-1_U60,3,12
0,P3_Y-1_U60,3,12
1,P1_Y-1_U83,1,12
0,P1_Y-1_U83,1,12
3,P1_Y1_UO18,1,12
2,P1_Y1_UO18,1,12
1,P1_Y-1_U42,1,12
0,P1_Y-1_U42,1,12
1,P2_Y-1_U75,2,12
0,P2_Y-1_U75,2,12
5,P1_Y3_UO224,1,12
4,P1_Y3_UO224,1,12
3,P3_Y1_UO140,1,12
2,P3_Y1_UO140,3,12
1,P3_Y-1_U16,3,12
0,P3_Y-1_U16,3,12
1,P1_Y-1_U83,1,12
0,P1_Y-1_U83,1,12
3,P3_Y1_UO35,3,12
2,P3_Y1_UO35,3,12
1,P3_Y-1_U42,3,12
0,P3_Y-1_U42,3,12
1,P2_Y-1_U26,2,12
0,P2_Y-1_U26,2,12
9,P2_Y7_UO24,2,13
8,P2_Y7_UO24,2,13
7,P2_Y5_UO230,2,13
6,P2_Y5_UO230,2,13
5,P2_Y3_UO180,2,13
4,P2_Y3_UO180,2,13
3,P2_Y1_UO53,2,13
2,P2_Y1_UO53,2,13
1,P2_Y-1_U6,2,13
0,P2_Y-1_U6,2,13
1,P3_Y-1_U72,3,13
0,P3_Y-1_U72,3,13
3,P3_Y1_UO45,3,13
2,P3_Y1_UO45,3,13
1,P3_Y-1_U34,3,13
0,P3_Y-1_U34,3,13
1,P2_Y-1_U94,2,13
0,P2_Y-1_U94,2,13
5,P2_Y3_UO36,1,13
4,P2_Y3_UO36,1,13
3,P2_Y1_UO131,2,13
2,P2_Y1_UO131,2,13
1,P2_Y-1_U99,2,13
0,P2_Y-1_U99,2,13
1,P1_Y-1_U87,1,13
0,P1_Y-1_U87,1,13
3,P3_Y1_UO176,3,13
2,P3_Y1_UO176,3,13
1,P3_Y-1_U45,3,13
0,P3_Y-1_U45,3,13
1,P1_Y-1_U26,1,13
0,P1_Y-1_U26,1,13
7,P3_Y5_UO4,3,13
6,P3_Y5_UO4,3,13
5,P1_Y3_UO130,3,13
4,P1_Y3_UO130,3,13
3,P1_Y1_UO90,1,13
2,P1_Y1_UO90,1,13
1,P1_Y-1_U31,1,13
0,P1_Y-1_U31,1,13
1,P3_Y-1_U5,3,13
0,P3_Y-1_U5,3,13
3,P3_Y1_UO56,3,13
2,P3_Y1_UO56,3,13
1,P3_Y-1_U60,3,13
0,P3_Y-1_U60,3,13
1,P1_Y-1_U84,2,13
0,P1_Y-1_U84,1,13
5,P1_Y3_UO224,1,13
4,P1_Y3_UO224,1,13
3,P3_Y1_UO140,1,13
2,P3_Y1_UO140,3,13
1,P3_Y-1_U16,3,13
0,P3_Y-1_U16,3,13
1,P1_Y-1_U83,1,13
0,P1_Y-1_U83,1,13
3,P3_Y1_UO35,3,13
2,P3_Y1_UO35,3,13
1,P3_Y-1_U42,3,13
0,P3_Y-1_U42,3,13
1,P2_Y-1_U26,2,13
0,P2_Y-1_U26,2,13
9,P2_Y7_UO28,2,14
8,P2_Y7_UO28,2,14
7,P2_Y5_UO167,2,14
6,P2_Y5_UO167,2,14
5,P2_Y3_UO4,2,14
4,P2_Y3_UO4,2,14
3,P3_Y1_UO59,2,14
2,P3_Y1_UO59,3,14
1,P3_Y-1_U60,3,14
0,P3_Y-1_U60,3,14
1,P1_Y-1_U83,1,14
0,P1_Y-1_U83,1,14
3,P1_Y1_UO18,1,14
2,P1_Y1_UO18,1,14
1,P1_Y-1_U42,1,14
0,P1_Y-1_U42,1,14
1,P2_Y-1_U75,2,14
0,P2_Y-1_U75,2,14
5,P1_Y3_UO224,1,14
4,P1_Y3_UO224,1,14
3,P3_Y1_UO140,1,14
2,P3_Y1_UO140,3,14
1,P3_Y-1_U16,3,14
0,P3_Y-1_U16,3,14
1,P1_Y-1_U83,1,14
0,P1_Y-1_U83,1,14
3,P3_Y1_UO35,3,14
2,P3_Y1_UO35,3,14
1,P3_Y-1_U42,3,14
0,P3_Y-1_U42,3,14
1,P2_Y-1_U26,2,14
0,P2_Y-1_U26,2,14
7,P1_Y5_UO64,1,14
6,P1_Y5_UO64,1,14
5,P1_Y3_UO46,1,14
4,P1_Y3_UO46,1,14
3,P3_Y1_UO86,1,14
2,P3_Y1_UO86,3,14
1,P3_Y-1_U99,3,14
0,P3_Y-1_U99,3,14
1,P2_Y-1_U83,2,14
0,P2_Y-1_U83,2,14
3,P2_Y1_UO129,2,14
2,P2_Y1_UO129,2,14
1,P2_Y-1_U99,2,14
0,P2_Y-1_U99,2,14
1,P1_Y-1_U87,1,14
0,P1_Y-1_U87,1,14
5,P2_Y2_UO90,2,14
4,P2_Y2_UO90,2,14
3,P2_Y2_UO90,2,14
2,P2_Y0_UO21,2,14
1,P2_Y0_UO21,2,14
0,P2_Y-1_U60,2,14
0,P1_Y-1_U86,1,14
2,P3_Y0_UO105,3,14
1,P3_Y0_UO105,3,14
0,P3_Y-1_U25,3,14
0,P1_Y-1_U32,1,14
9,P2_Y7_UO57,2,15
8,P2_Y7_UO57,2,15
7,P2_Y5_UO224,2,15
6,P2_Y5_UO224,2,15
5,P1_Y3_UO229,2,15
4,P1_Y3_UO229,2,15
3,P3_Y1_UO140,1,15
2,P3_Y1_UO140,3,15
1,P3_Y-1_U16,3,15
0,P3_Y-1_U16,3,15
1,P1_Y-1_U83,1,15
0,P1_Y-1_U83,1,15
3,P3_Y1_UO35,3,15
2,P3_Y1_UO35,3,15
1,P3_Y-1_U42,3,15
0,P3_Y-1_U42,3,15
1,P2_Y-1_U26,2,15
0,P2_Y-1_U26,2,15
5,P2_Y3_UO36,1,15
4,P2_Y3_UO36,1,15
3,P2_Y1_UO131,2,15
2,P2_Y1_UO131,2,15
1,P2_Y-1_U99,2,15
0,P2_Y-1_U99,2,15
1,P1_Y-1_U87,1,15
0,P1_Y-1_U87,1,15
3,P3_Y1_UO176,3,15
2,P3_Y1_UO176,3,15
1,P3_Y-1_U45,3,15
0,P3_Y-1_U45,3,15
1,P1_Y-1_U26,1,15
0,P1_Y-1_U26,1,15
7,P3_Y3_UO206,3,15
6,P3_Y3_UO206,3,15
5,P3_Y3_UO206,3,15
4,P3_Y3_UO206,3,15
3,P2_Y1_UO115,3,15
2,P2_Y1_UO115,3,15
1,P2_Y-1_U69,2,15
0,P2_Y-1_U69,2,15
1,P3_Y-1_U79,3,15
0,P3_Y-1_U79,3,15
3,P2_Y-1_U78,2,15
2,P2_Y-1_U78,2,15
1,P2_Y-1_U78,2,15
0,P2_Y-1_U78,2,15
9,P2_Y7_UO56,2,16
8,P2_Y7_UO56,2,16
7,P2_Y5_UO224,2,16
6,P2_Y5_UO224,2,16
5,P1_Y3_UO229,2,16
4,P1_Y3_UO229,2,16
3,P3_Y1_UO140,1,16
2,P3_Y1_UO140,3,16
1,P3_Y-1_U16,3,16
0,P3_Y-1_U16,3,16
1,P1_Y-1_U83,1,16
0,P1_Y-1_U83,1,16
3,P3_Y1_UO35,3,16
2,P3_Y1_UO35,3,16
1,P3_Y-1_U42,3,16
0,P3_Y-1_U42,3,16
1,P2_Y-1_U26,2,16
0,P2_Y-1_U26,2,16
5,P2_Y3_UO36,1,16
4,P2_Y3_UO36,1,16
3,P2_Y1_UO131,2,16
2,P2_Y1_UO131,2,16
1,P2_Y-1_U99,2,16
0,P2_Y-1_U99,2,16
1,P1_Y-1_U87,1,16
0,P1_Y-1_U87,1,16
3,P3_Y1_UO176,3,16
2,P3_Y1_UO176,3,16
1,P3_Y-1_U45,3,16
0,P3_Y-1_U45,3,16
1,P1_Y-1_U26,1,16
0,P1_Y-1_U26,1,16
7,P3_Y3_UO206,3,16
6,P3_Y3_UO206,3,16
5,P3_Y3_UO206,3,16
4,P3_Y3_UO206,3,16
3,P2_Y1_UO115,3,16
2,P2_Y1_UO115,3,16
1,P2_Y-1_U69,2,16
0,P2_Y-1_U69,2,16
1,P3_Y-1_U79,3,16
0,P3_Y-1_U79,3,16
3,P2_Y-1_U78,2,16
2,P2_Y-1_U78,2,16
1,P2_Y-1_U78,2,16
0,P2_Y-1_U78,2,16
9,P2_Y7_UO206,2,17
8,P2_Y7_UO206,2,17
7,P2_Y5_UO160,2,17
6,P2_Y5_UO160,2,17
5,P2_Y3_UO67,2,17
4,P2_Y3_UO67,2,17
3,P2_Y1_UO111,2,17
2,P2_Y1_UO111,2,17
1,P2_Y-1_U69,2,17
0,P2_Y-1_U69,2,17
1,P3_Y-1_U79,3,17
0,P3_Y-1_U79,3,17
3,P1_Y1_UO18,1,17
2,P1_Y1_UO18,1,17
1,P1_Y-1_U42,1,17
0,P1_Y-1_U42,1,17
1,P2_Y-1_U75,2,17
0,P2_Y-1_U75,2,17
5,P3_Y3_UO196,3,17
4,P3_Y3_UO196,3,17
3,P1_Y1_UO199,3,17
2,P1_Y1_UO199,3,17
1,P1_Y-1_U48,1,17
0,P1_Y-1_U48,1,17
1,P3_Y-1_U58,3,17
0,P3_Y-1_U58,3,17
3,P2_Y1_UO187,2,17
2,P2_Y1_UO187,2,17
1,P2_Y-1_U0,2,17
0,P2_Y-1_U0,2,17
1,P1_Y-1_U83,1,17
0,P1_Y-1_U83,1,17
7,P1_Y5_UO100,1,17
6,P1_Y5_UO100,1,17
5,P1_Y3_UO129,1,17
4,P1_Y3_UO129,1,17
3,P1_Y1_UO90,1,17
2,P1_Y1_UO90,1,17
1,P1_Y-1_U31,1,17
0,P1_Y-1_U31,1,17
1,P3_Y-1_U5,3,17
0,P3_Y-1_U5,3,17
3,P3_Y1_UO56,3,17
2,P3_Y1_UO56,3,17
1,P3_Y-1_U60,3,17
0,P3_Y-1_U60,3,17
1,P1_Y-1_U84,2,17
0,P1_Y-1_U84,1,17
5,P1_Y3_UO21,2,17
4,P1_Y3_UO21,2,17
3,P1_Y1_UO19,1,17
2,P1_Y1_UO19,1,17
1,P1_Y-1_U42,1,17
0,P1_Y-1_U42,1,17
1,P2_Y-1_U75,2,17
0,P2_Y-1_U75,2,17
3,P2_Y-1_U26,2,17
2,P2_Y-1_U26,2,17
1,P2_Y-1_U26,2,17
0,P2_Y-1_U26,2,17
9,P3_Y7_UO49,2,18
8,P3_Y7_UO49,3,18
7,P2_Y5_UO65,3,18
6,P2_Y5_UO65,2,18
5,P1_Y3_UO229,2,18
4,P1_Y3_UO229,2,18
3,P3_Y1_UO140,1,18
2,P3_Y1_UO140,3,18
1,P3_Y-1_U16,3,18
0,P3_Y-1_U16,3,18
1,P1_Y-1_U83,1,18
0,P1_Y-1_U83,1,18
3,P3_Y1_UO35,3,18
2,P3_Y1_UO35,3,18
1,P3_Y-1_U42,3,18
0,P3_Y-1_U42,3,18
1,P2_Y-1_U26,2,18
0,P2_Y-1_U26,2,18
5,P3_Y3_UO196,3,18
4,P3_Y3_UO196,3,18
3,P1_Y1_UO199,3,18
2,P1_Y1_UO199,3,18
1,P1_Y-1_U48,1,18
0,P1_Y-1_U48,1,18
1,P3_Y-1_U58,3,18
0,P3_Y-1_U58,3,18
3,P2_Y1_UO187,2,18
2,P2_Y1_UO187,2,18
1,P2_Y-1_U0,2,18
0,P2_Y-1_U0,2,18
1,P1_Y-1_U83,1,18
0,P1_Y-1_U83,1,18
7,P1_Y5_UO55,1,18
6,P1_Y5_UO55,1,18
5,P1_Y3_UO132,1,18
4,P1_Y3_UO132,1,18
3,P1_Y1_UO90,1,18
2,P1_Y1_UO90,1,18
1,P1_Y-1_U31,1,18
0,P1_Y-1_U31,1,18
1,P3_Y-1_U5,3,18
0,P3_Y-1_U5,3,18
3,P3_Y1_UO56,3,18
2,P3_Y1_UO56,3,18
1,P3_Y-1_U60,3,18
0,P3_Y-1_U60,3,18
1,P1_Y-1_U84,2,18
0,P1_Y-1_U84,1,18
5,P2_Y2_UO59,2,18
4,P2_Y2_UO59,2,18
3,P2_Y2_UO59,2,18
2,P2_Y0_UO144,2,18
1,P2_Y0_UO144,2,18
0,P2_Y-1_U7,2,18
0,P3_Y-1_U93,3,18
2,P3_Y0_UO167,3,18
1,P3_Y0_UO167,3,18
0,P3_Y-1_U85,3,18
0,P1_Y-1_U15,1,18
9,P2_Y7_UO58,2,19
8,P2_Y7_UO58,2,19
7,P2_Y5_UO224,2,19
6,P2_Y5_UO224,2,19
5,P1_Y3_UO229,2,19
4,P1_Y3_UO229,2,19
3,P3_Y1_UO140,1,19
2,P3_Y1_UO140,3,19
1,P3_Y-1_U16,3,19
0,P3_Y-1_U16,3,19
1,P1_Y-1_U83,1,19
0,P1_Y-1_U83,1,19
3,P3_Y1_UO35,3,19
2,P3_Y1_UO35,3,19
1,P3_Y-1_U42,3,19
0,P3_Y-1_U42,3,19
1,P2_Y-1_U26,2,19
0,P2_Y-1_U26,2,19
5,P2_Y3_UO36,1,19
4,P2_Y3_UO36,1,19
3,P2_Y1_UO131,2,19
2,P2_Y1_UO131,2,19
1,P2_Y-1_U99,2,19
0,P2_Y-1_U99,2,19
1,P1_Y-1_U87,1,19
0,P1_Y-1_U87,1,19
3,P3_Y1_UO176,3,19
2,P3_Y1_UO176,3,19
1,P3_Y-1_U45,3,19
0,P3_Y-1_U45,3,19
1,P1_Y-1_U26,1,19
0,P1_Y-1_U26,1,19
7,P3_Y3_UO206,3,19
6,P3_Y3_UO206,3,19
5,P3_Y3_UO206,3,19
4,P3_Y3_UO206,3,19
3,P2_Y1_UO115,3,19
2,P2_Y1_UO115,3,19
1,P2_Y-1_U69,2,19
0,P2_Y-1_U69,2,19
1,P3_Y-1_U79,3,19
0,P3_Y-1_U79,3,19
3,P2_Y-1_U78,2,19
2,P2_Y-1_U78,2,19
1,P2_Y-1_U78,2,19
0,P2_Y-1_U78,2,19
9,P2_Y7_UO124,2,20
8,P2_Y7_UO124,2,20
7,P2_Y5_UO117,2,20
6,P2_Y5_UO117,2,20
5,P2_Y3_UO67,2,20
4,P2_Y3_UO67,2,20
3,P2_Y1_UO111,2,20
2,P2_Y1_UO111,2,20
1,P2_Y-1_U69,2,20
0,P2_Y-1_U69,2,20
1,P3_Y-1_U79,3,20
0,P3_Y-1_U79,3,20
3,P1_Y1_UO18,1,20
2,P1_Y1_UO18,1,20
1,P1_Y-1_U42,1,20
0,P1_Y-1_U42,1,20
1,P2_Y-1_U75,2,20
0,P2_Y-1_U75,2,20
5,P1_Y2_UO184,1,20
4,P1_Y2_UO184,1,20
3,P1_Y2_UO184,1,20
2,P1_Y0_UO174,1,20
1,P1_Y0_UO174,1,20
0,P1_Y-1_U56,1,20
0,P2_Y-1_U19,2,20
2,P3_Y0_UO167,3,20
1,P3_Y0_UO167,3,20
0,P3_Y-1_U85,3,20
0,P1_Y-1_U15,1,20
7,P1_Y5_UO128,1,20
6,P1_Y5_UO128,1,20
5,P1_Y3_UO46,1,20
4,P1_Y3_UO46,1,20
3,P3_Y1_UO86,1,20
2,P3_Y1_UO86,3,20
1,P3_Y-1_U99,3,20
0,P3_Y-1_U99,3,20
1,P2_Y-1_U83,2,20
0,P2_Y-1_U83,2,20
3,P2_Y1_UO129,2,20
2,P2_Y1_UO129,2,20
1,P2_Y-1_U99,2,20
0,P2_Y-1_U99,2,20
1,P1_Y-1_U87,1,20
0,P1_Y-1_U87,1,20
5,P3_Y3_UO220,3,20
4,P3_Y3_UO220,3,20
3,P3_Y1_UO142,3,20
2,P3_Y1_UO142,3,20
1,P3_Y-1_U16,3,20
0,P3_Y-1_U16,3,20
1,P1_Y-1_U83,1,20
0,P1_Y-1_U83,1,20
3,P3_Y1_UO9,1,20
2,P3_Y1_UO9,3,20
1,P3_Y-1_U70,3,20
0,P3_Y-1_U70,3,20
1,P2_Y-1_U26,2,20
0,P2_Y-1_U26,2,20
9,P2_Y7_UO38,2,21
8,P2_Y7_UO38,2,21
7,P2_Y5_UO221,2,21
6,P2_Y5_UO221,2,21
5,P2_Y3_UO75,2,21
4,P2_Y3_UO75,2,21
3,P2_Y1_UO49,2,21
2,P2_Y1_UO49,2,21
1,P2_Y-1_U6,2,21
0,P2_Y-1_U6,2,21
1,P3_Y-1_U72,3,21
0,P3_Y-1_U72,3,21
3,P1_Y1_UO25,1,21
2,P1_Y1_UO25,1,21
1,P1_Y-1_U48,1,21
0,P1_Y-1_U48,1,21
1,P2_Y-1_U90,2,21
0,P2_Y-1_U90,2,21
5,P1_Y3_UO224,1,21
4,P1_Y3_UO224,1,21
3,P3_Y1_UO140,1,21
2,P3_Y1_UO140,3,21
1,P3_Y-1_U16,3,21
0,P3_Y-1_U16,3,21
1,P1_Y-1_U83,1,21
0,P1_Y-1_U83,1,21
3,P3_Y1_UO35,3,21
2,P3_Y1_UO35,3,21
1,P3_Y-1_U42,3,21
0,P3_Y-1_U42,3,21
1,P2_Y-1_U26,2,21
0,P2_Y-1_U26,2,21
7,P3_Y5_UO87,3,21
6,P3_Y5_UO87,3,21
5,P1_Y3_UO71,3,21
4,P1_Y3_UO71,3,21
3,P1_Y1_UO27,1,21
2,P1_Y1_UO27,1,21
1,P1_Y-1_U48,1,21
0,P1_Y-1_U48,1,21
1,P2_Y-1_U90,2,21
0,P2_Y-1_U90,2,21
3,P2_Y1_UO37,2,21
2,P2_Y1_UO37,2,21
1,P2_Y-1_U53,2,21
0,P2_Y-1_U53,2,21
1,P1_Y-1_U20,1,21
0,P1_Y-1_U20,1,21
5,P3_Y3_UO154,2,21
4,P3_Y3_UO154,2,21
3,P3_Y1_UO84,3,21
2,P3_Y1_UO84,3,21
1,P3_Y-1_U99,3,21
0,P3_Y-1_U99,3,21
1,P2_Y-1_U83,2,21
0,P2_Y-1_U83,2,21
3,P2_Y1_UO103,2,21
2,P2_Y1_UO103,2,21
1,P2_Y-1_U69,2,21
0,P2_Y-1_U69,2,21
1,P1_Y-1_U87,1,21
0,P1_Y-1_U87,1,21
9,P2_Y7_UO39,2,22
8,P2_Y7_UO39,2,22
7,P2_Y5_UO221,2,22
6,P2_Y5_UO221,2,22
5,P2_Y3_UO75,2,22
4,P2_Y3_UO75,2,22
3,P2_Y1_UO49,2,22
2,P2_Y1_UO49,2,22
1,P2_Y-1_U6,2,22
0,P2_Y-1_U6,2,22
1,P3_Y-1_U72,3,22
0,P3_Y-1_U72,3,22
3,P1_Y1_UO25,1,22
2,P1_Y1_UO25,1,22
1,P1_Y-1_U48,1,22
0,P1_Y-1_U48,1,22
1,P2_Y-1_U90,2,22
0,P2_Y-1_U90,2,22
5,P1_Y3_UO224,1,22
4,P1_Y3_UO224,1,22
3,P3_Y1_UO140,1,22
2,P3_Y1_UO140,3,22
1,P3_Y-1_U16,3,22
0,P3_Y-1_U16,3,22
1,P1_Y-1_U83,1,22
0,P1_Y-1_U83,1,22
3,P3_Y1_UO35,3,22
2,P3_Y1_UO35,3,22
1,P3_Y-1_U42,3,22
0,P3_Y-1_U42,3,22
1,P2_Y-1_U26,2,22
0,P2_Y-1_U26,2,22
7,P3_Y5_UO87,3,22
6,P3_Y5_UO87,3,22
5,P1_Y3_UO71,3,22
4,P1_Y3_UO71,3,22
3,P1_Y1_UO27,1,22
2,P1_Y1_UO27,1,22
1,P1_Y-1_U48,1,22
0,P1_Y-1_U48,1,22
1,P2_Y-1_U90,2,22
0,P2_Y-1_U90,2,22
3,P2_Y1_UO37,2,22
2,P2_Y1_UO37,2,22
1,P2_Y-1_U53,2,22
0,P2_Y-1_U53,2,22
1,P1_Y-1_U20,1,22
0,P1_Y-1_U20,1,22
5,P3_Y3_UO154,2,22
4,P3_Y3_UO154,2,22
3,P3_Y1_UO84,3,22
2,P3_Y1_UO84,3,22
1,P3_Y-1_U99,3,22
0,P3_Y-1_U99,3,22
1,P2_Y-1_U83,2,22
0,P2_Y-1_U83,2,22
3,P2_Y1_UO103,2,22
2,P2_Y1_UO103,2,22
1,P2_Y-1_U69,2,22
0,P2_Y-1_U69,2,22
1,P1_Y-1_U87,1,22
0,P1_Y-1_U87,1,22
9,P3_Y5_UO41,2,23
8,P3_Y5_UO41,2,23
7,P3_Y5_UO41,2,23
6,P3_Y5_UO41,3,23
5,P2_Y3_UO210,3,23
4,P2_Y3_UO210,2,23
3,P2_Y1_UO188,2,23
2,P2_Y1_UO188,2,23
1,P2_Y-1_U0,2,23
0,P2_Y-1_U0,2,23
1,P1_Y-1_U83,1,23
0,P1_Y-1_U83,1,23
3,P3_Y1_UO9,1,23
2,P3_Y1_UO9,3,23
1,P3_Y-1_U70,3,23
0,P3_Y-1_U70,3,23
1,P2_Y-1_U26,2,23
0,P2_Y-1_U26,2,23
5,P2_Y3_UO169,2,23
4,P2_Y3_UO169,2,23
3,P3_Y1_UO202,2,23
2,P3_Y1_UO202,3,23
1,P3_Y-1_U42,3,23
0,P3_Y-1_U42,3,23
1,P2_Y-1_U13,2,23
0,P2_Y-1_U13,2,23
3,P3_Y1_UO81,1,23
2,P3_Y1_UO81,3,23
1,P3_Y-1_U99,3,23
0,P3_Y-1_U99,3,23
1,P2_Y-1_U83,2,23
0,P2_Y-1_U83,2,23
